feature,standardized_coefficient,abs_coefficient
price_lag_24h,78.01232887931491,78.01232887931491
price_lag_168h,14.381850197358354,14.381850197358354
price_rolling_mean_168h,11.431220001624904,11.431220001624904
price_rolling_mean_24h,-11.350241840713679,11.350241840713679
load_forecast_mw,11.045111131729403,11.045111131729403
weekend,-8.90812509534704,8.90812509534704
price_lag_48h,8.587591548600297,8.587591548600297
dow_cos,7.666060821583655,7.666060821583655
price_rolling_vol_24h,6.399578860578092,6.399578860578092
hour_cos,4.7446823551895,4.7446823551895
month_cos,-4.643131414786863,4.643131414786863
price_rolling_vol_168h,4.092724354899719,4.092724354899719
dow_sin,-3.9799304407298712,3.9799304407298712
weekend_hour_cos,3.427202667586049,3.427202667586049
hour_sin,3.4258308281736487,3.4258308281736487
month_sin,-2.150143303472404,2.150143303472404
weekend_hour_sin,-1.7257277404941338,1.7257277404941338
post_15min_mtu,0.0,0.0
