delivery_interval_position,local_delivery_date,timestamp_utc,local_time_with_offset,price_seq1,price_seq2,abs_diff
1,2025-10-01,2025-09-30 22:00:00+00:00,00:00 +0200,102.6,112.1,9.5
2,2025-10-01,2025-09-30 22:15:00+00:00,00:15 +0200,92.24,108.1,15.86
3,2025-10-01,2025-09-30 22:30:00+00:00,00:30 +0200,86.03,99.6,13.569999999999993
4,2025-10-01,2025-09-30 22:45:00+00:00,00:45 +0200,85.39,92.0,6.609999999999999
5,2025-10-01,2025-09-30 23:00:00+00:00,01:00 +0200,89.99,108.1,18.11
6,2025-10-01,2025-09-30 23:15:00+00:00,01:15 +0200,86.03,102.7,16.67
7,2025-10-01,2025-09-30 23:30:00+00:00,01:30 +0200,85.03,97.0,11.969999999999999
8,2025-10-01,2025-09-30 23:45:00+00:00,01:45 +0200,84.09,92.0,7.909999999999997
9,2025-10-01,2025-10-01 00:00:00+00:00,02:00 +0200,85.41,103.0,17.590000000000003
10,2025-10-01,2025-10-01 00:15:00+00:00,02:15 +0200,85.0,98.1,13.099999999999994
11,2025-10-01,2025-10-01 00:30:00+00:00,02:30 +0200,84.54,97.4,12.86
12,2025-10-01,2025-10-01 00:45:00+00:00,02:45 +0200,84.54,96.0,11.459999999999994
13,2025-10-01,2025-10-01 01:00:00+00:00,03:00 +0200,87.39,98.1,10.709999999999994
14,2025-10-01,2025-10-01 01:15:00+00:00,03:15 +0200,87.36,98.0,10.64
15,2025-10-01,2025-10-01 01:30:00+00:00,03:30 +0200,88.56,99.4,10.840000000000003
16,2025-10-01,2025-10-01 01:45:00+00:00,03:45 +0200,89.99,100.6,10.61
17,2025-10-01,2025-10-01 02:00:00+00:00,04:00 +0200,86.31,93.6,7.289999999999992
18,2025-10-01,2025-10-01 02:15:00+00:00,04:15 +0200,89.06,96.2,7.140000000000001
19,2025-10-01,2025-10-01 02:30:00+00:00,04:30 +0200,86.42,102.2,15.780000000000001
20,2025-10-01,2025-10-01 02:45:00+00:00,04:45 +0200,88.83,106.4,17.570000000000007
21,2025-10-01,2025-10-01 03:00:00+00:00,05:00 +0200,84.26,97.4,13.14
22,2025-10-01,2025-10-01 03:15:00+00:00,05:15 +0200,90.76,102.0,11.239999999999995
23,2025-10-01,2025-10-01 03:30:00+00:00,05:30 +0200,97.55,113.8,16.25
24,2025-10-01,2025-10-01 03:45:00+00:00,05:45 +0200,108.74,125.2,16.460000000000008
25,2025-10-01,2025-10-01 04:00:00+00:00,06:00 +0200,97.03,112.4,15.370000000000005
26,2025-10-01,2025-10-01 04:15:00+00:00,06:15 +0200,117.49,136.3,18.810000000000016
27,2025-10-01,2025-10-01 04:30:00+00:00,06:30 +0200,133.23,159.9,26.670000000000016
28,2025-10-01,2025-10-01 04:45:00+00:00,06:45 +0200,152.09,184.68,32.59
29,2025-10-01,2025-10-01 05:00:00+00:00,07:00 +0200,160.95,194.96,34.01000000000002
30,2025-10-01,2025-10-01 05:15:00+00:00,07:15 +0200,181.48,214.96,33.48000000000002
31,2025-10-01,2025-10-01 05:30:00+00:00,07:30 +0200,180.23,326.64,146.41
32,2025-10-01,2025-10-01 05:45:00+00:00,07:45 +0200,170.54,234.7,64.16
33,2025-10-01,2025-10-01 06:00:00+00:00,08:00 +0200,200.25,214.1,13.849999999999994
34,2025-10-01,2025-10-01 06:15:00+00:00,08:15 +0200,143.35,182.0,38.650000000000006
35,2025-10-01,2025-10-01 06:30:00+00:00,08:30 +0200,117.5,157.01,39.50999999999999
36,2025-10-01,2025-10-01 06:45:00+00:00,08:45 +0200,95.25,129.93,34.68000000000001
37,2025-10-01,2025-10-01 07:00:00+00:00,09:00 +0200,139.48,180.0,40.52000000000001
38,2025-10-01,2025-10-01 07:15:00+00:00,09:15 +0200,105.01,149.91,44.89999999999999
39,2025-10-01,2025-10-01 07:30:00+00:00,09:30 +0200,93.66,119.95,26.290000000000006
40,2025-10-01,2025-10-01 07:45:00+00:00,09:45 +0200,82.85,92.0,9.150000000000006
41,2025-10-01,2025-10-01 08:00:00+00:00,10:00 +0200,103.22,154.98,51.75999999999999
42,2025-10-01,2025-10-01 08:15:00+00:00,10:15 +0200,93.06,124.91,31.849999999999994
43,2025-10-01,2025-10-01 08:30:00+00:00,10:30 +0200,81.21,95.6,14.39
44,2025-10-01,2025-10-01 08:45:00+00:00,10:45 +0200,66.65,64.93,1.7199999999999989
45,2025-10-01,2025-10-01 09:00:00+00:00,11:00 +0200,83.5,149.92,66.41999999999999
46,2025-10-01,2025-10-01 09:15:00+00:00,11:15 +0200,72.08,123.16,51.08
47,2025-10-01,2025-10-01 09:30:00+00:00,11:30 +0200,65.32,94.98,29.66000000000001
48,2025-10-01,2025-10-01 09:45:00+00:00,11:45 +0200,61.37,79.95,18.580000000000005
49,2025-10-01,2025-10-01 10:00:00+00:00,12:00 +0200,68.21,75.1,6.890000000000001
50,2025-10-01,2025-10-01 10:15:00+00:00,12:15 +0200,65.22,76.8,11.579999999999998
51,2025-10-01,2025-10-01 10:30:00+00:00,12:30 +0200,65.45,64.75,0.7000000000000028
52,2025-10-01,2025-10-01 10:45:00+00:00,12:45 +0200,65.22,61.5,3.719999999999999
53,2025-10-01,2025-10-01 11:00:00+00:00,13:00 +0200,65.6,60.08,5.519999999999996
54,2025-10-01,2025-10-01 11:15:00+00:00,13:15 +0200,67.72,65.09,2.6299999999999955
55,2025-10-01,2025-10-01 11:30:00+00:00,13:30 +0200,69.44,73.34,3.9000000000000057
56,2025-10-01,2025-10-01 11:45:00+00:00,13:45 +0200,70.84,70.09,0.75
57,2025-10-01,2025-10-01 12:00:00+00:00,14:00 +0200,64.49,79.8,15.310000000000002
58,2025-10-01,2025-10-01 12:15:00+00:00,14:15 +0200,70.25,89.93,19.680000000000007
59,2025-10-01,2025-10-01 12:30:00+00:00,14:30 +0200,74.63,99.96,25.33
60,2025-10-01,2025-10-01 12:45:00+00:00,14:45 +0200,81.14,113.3,32.16
61,2025-10-01,2025-10-01 13:00:00+00:00,15:00 +0200,65.3,74.9,9.600000000000009
62,2025-10-01,2025-10-01 13:15:00+00:00,15:15 +0200,74.63,89.7,15.070000000000007
63,2025-10-01,2025-10-01 13:30:00+00:00,15:30 +0200,88.02,114.95,26.930000000000007
64,2025-10-01,2025-10-01 13:45:00+00:00,15:45 +0200,98.94,134.97,36.03
65,2025-10-01,2025-10-01 14:00:00+00:00,16:00 +0200,62.15,59.22,2.9299999999999997
66,2025-10-01,2025-10-01 14:15:00+00:00,16:15 +0200,89.53,97.8,8.269999999999996
67,2025-10-01,2025-10-01 14:30:00+00:00,16:30 +0200,103.08,129.2,26.11999999999999
68,2025-10-01,2025-10-01 14:45:00+00:00,16:45 +0200,116.72,153.1,36.379999999999995
69,2025-10-01,2025-10-01 15:00:00+00:00,17:00 +0200,85.49,75.03,10.459999999999994
70,2025-10-01,2025-10-01 15:15:00+00:00,17:15 +0200,115.87,139.93,24.060000000000002
71,2025-10-01,2025-10-01 15:30:00+00:00,17:30 +0200,144.98,176.0,31.02000000000001
72,2025-10-01,2025-10-01 15:45:00+00:00,17:45 +0200,195.26,207.61,12.350000000000023
73,2025-10-01,2025-10-01 16:00:00+00:00,18:00 +0200,146.95,206.0,59.05000000000001
74,2025-10-01,2025-10-01 16:15:00+00:00,18:15 +0200,200.0,478.69,278.69
75,2025-10-01,2025-10-01 16:30:00+00:00,18:30 +0200,285.0,272.4,12.600000000000023
76,2025-10-01,2025-10-01 16:45:00+00:00,18:45 +0200,381.0,306.9,74.10000000000002
77,2025-10-01,2025-10-01 17:00:00+00:00,19:00 +0200,408.5,499.0,90.5
78,2025-10-01,2025-10-01 17:15:00+00:00,19:15 +0200,376.39,517.12,140.73000000000002
79,2025-10-01,2025-10-01 17:30:00+00:00,19:30 +0200,321.94,517.12,195.18
80,2025-10-01,2025-10-01 17:45:00+00:00,19:45 +0200,253.14,517.12,263.98
81,2025-10-01,2025-10-01 18:00:00+00:00,20:00 +0200,218.02,237.3,19.28
82,2025-10-01,2025-10-01 18:15:00+00:00,20:15 +0200,155.25,202.0,46.75
83,2025-10-01,2025-10-01 18:30:00+00:00,20:30 +0200,126.82,184.8,57.98000000000002
84,2025-10-01,2025-10-01 18:45:00+00:00,20:45 +0200,108.0,160.2,52.19999999999999
85,2025-10-01,2025-10-01 19:00:00+00:00,21:00 +0200,130.68,170.0,39.31999999999999
86,2025-10-01,2025-10-01 19:15:00+00:00,21:15 +0200,121.4,144.5,23.099999999999994
87,2025-10-01,2025-10-01 19:30:00+00:00,21:30 +0200,102.98,127.4,24.42
88,2025-10-01,2025-10-01 19:45:00+00:00,21:45 +0200,97.08,111.0,13.920000000000002
89,2025-10-01,2025-10-01 20:00:00+00:00,22:00 +0200,108.84,140.8,31.960000000000008
90,2025-10-01,2025-10-01 20:15:00+00:00,22:15 +0200,101.51,122.4,20.89
91,2025-10-01,2025-10-01 20:30:00+00:00,22:30 +0200,95.36,110.0,14.64
92,2025-10-01,2025-10-01 20:45:00+00:00,22:45 +0200,88.33,98.2,9.870000000000005
93,2025-10-01,2025-10-01 21:00:00+00:00,23:00 +0200,94.57,123.2,28.63000000000001
94,2025-10-01,2025-10-01 21:15:00+00:00,23:15 +0200,91.55,110.1,18.549999999999997
95,2025-10-01,2025-10-01 21:30:00+00:00,23:30 +0200,91.11,101.1,9.989999999999995
96,2025-10-01,2025-10-01 21:45:00+00:00,23:45 +0200,85.36,97.99,12.629999999999995
1,2025-10-11,2025-10-10 22:00:00+00:00,00:00 +0200,102.78,101.6,1.1800000000000068
2,2025-10-11,2025-10-10 22:15:00+00:00,00:15 +0200,97.66,94.0,3.6599999999999966
3,2025-10-11,2025-10-10 22:30:00+00:00,00:30 +0200,88.08,85.0,3.0799999999999983
4,2025-10-11,2025-10-10 22:45:00+00:00,00:45 +0200,83.35,80.9,2.4499999999999886
5,2025-10-11,2025-10-10 23:00:00+00:00,01:00 +0200,91.25,93.8,2.549999999999997
6,2025-10-11,2025-10-10 23:15:00+00:00,01:15 +0200,89.52,87.6,1.9200000000000017
7,2025-10-11,2025-10-10 23:30:00+00:00,01:30 +0200,87.4,82.1,5.300000000000011
8,2025-10-11,2025-10-10 23:45:00+00:00,01:45 +0200,87.17,82.32,4.8500000000000085
9,2025-10-11,2025-10-11 00:00:00+00:00,02:00 +0200,87.53,87.0,0.5300000000000011
10,2025-10-11,2025-10-11 00:15:00+00:00,02:15 +0200,88.63,82.1,6.530000000000001
11,2025-10-11,2025-10-11 00:30:00+00:00,02:30 +0200,87.21,85.2,2.009999999999991
12,2025-10-11,2025-10-11 00:45:00+00:00,02:45 +0200,86.18,78.5,7.680000000000007
13,2025-10-11,2025-10-11 01:00:00+00:00,03:00 +0200,86.26,81.1,5.160000000000011
14,2025-10-11,2025-10-11 01:15:00+00:00,03:15 +0200,84.5,80.6,3.9000000000000057
15,2025-10-11,2025-10-11 01:30:00+00:00,03:30 +0200,83.63,81.92,1.7099999999999937
16,2025-10-11,2025-10-11 01:45:00+00:00,03:45 +0200,82.31,81.92,0.39000000000000057
17,2025-10-11,2025-10-11 02:00:00+00:00,04:00 +0200,82.86,78.5,4.359999999999999
18,2025-10-11,2025-10-11 02:15:00+00:00,04:15 +0200,82.63,87.1,4.469999999999999
19,2025-10-11,2025-10-11 02:30:00+00:00,04:30 +0200,80.79,81.4,0.6099999999999994
20,2025-10-11,2025-10-11 02:45:00+00:00,04:45 +0200,81.83,82.2,0.37000000000000455
21,2025-10-11,2025-10-11 03:00:00+00:00,05:00 +0200,82.21,82.0,0.20999999999999375
22,2025-10-11,2025-10-11 03:15:00+00:00,05:15 +0200,84.55,81.9,2.6499999999999915
23,2025-10-11,2025-10-11 03:30:00+00:00,05:30 +0200,85.13,85.1,0.030000000000001137
24,2025-10-11,2025-10-11 03:45:00+00:00,05:45 +0200,87.13,86.71,0.4200000000000017
25,2025-10-11,2025-10-11 04:00:00+00:00,06:00 +0200,87.87,81.5,6.3700000000000045
26,2025-10-11,2025-10-11 04:15:00+00:00,06:15 +0200,88.97,88.0,0.9699999999999989
27,2025-10-11,2025-10-11 04:30:00+00:00,06:30 +0200,91.2,94.1,2.8999999999999915
28,2025-10-11,2025-10-11 04:45:00+00:00,06:45 +0200,93.02,99.3,6.280000000000001
29,2025-10-11,2025-10-11 05:00:00+00:00,07:00 +0200,96.71,77.59,19.11999999999999
30,2025-10-11,2025-10-11 05:15:00+00:00,07:15 +0200,95.06,87.58,7.480000000000004
31,2025-10-11,2025-10-11 05:30:00+00:00,07:30 +0200,97.62,111.92,14.299999999999997
32,2025-10-11,2025-10-11 05:45:00+00:00,07:45 +0200,97.62,124.92,27.299999999999997
33,2025-10-11,2025-10-11 06:00:00+00:00,08:00 +0200,103.96,116.0,12.040000000000006
34,2025-10-11,2025-10-11 06:15:00+00:00,08:15 +0200,103.22,106.7,3.480000000000004
35,2025-10-11,2025-10-11 06:30:00+00:00,08:30 +0200,101.37,110.7,9.329999999999998
36,2025-10-11,2025-10-11 06:45:00+00:00,08:45 +0200,93.05,91.31,1.7399999999999949
37,2025-10-11,2025-10-11 07:00:00+00:00,09:00 +0200,108.11,107.0,1.1099999999999994
38,2025-10-11,2025-10-11 07:15:00+00:00,09:15 +0200,100.02,97.0,3.019999999999996
39,2025-10-11,2025-10-11 07:30:00+00:00,09:30 +0200,89.11,92.2,3.0900000000000034
40,2025-10-11,2025-10-11 07:45:00+00:00,09:45 +0200,74.6,85.83,11.230000000000004
41,2025-10-11,2025-10-11 08:00:00+00:00,10:00 +0200,97.36,105.51,8.150000000000006
42,2025-10-11,2025-10-11 08:15:00+00:00,10:15 +0200,85.84,91.2,5.359999999999999
43,2025-10-11,2025-10-11 08:30:00+00:00,10:30 +0200,73.26,81.5,8.239999999999995
44,2025-10-11,2025-10-11 08:45:00+00:00,10:45 +0200,73.27,68.1,5.170000000000002
45,2025-10-11,2025-10-11 09:00:00+00:00,11:00 +0200,87.29,87.44,0.14999999999999147
46,2025-10-11,2025-10-11 09:15:00+00:00,11:15 +0200,76.86,77.57,0.7099999999999937
47,2025-10-11,2025-10-11 09:30:00+00:00,11:30 +0200,71.39,70.3,1.0900000000000034
48,2025-10-11,2025-10-11 09:45:00+00:00,11:45 +0200,60.54,62.4,1.8599999999999994
49,2025-10-11,2025-10-11 10:00:00+00:00,12:00 +0200,63.44,72.43,8.990000000000009
50,2025-10-11,2025-10-11 10:15:00+00:00,12:15 +0200,60.1,64.96,4.859999999999992
51,2025-10-11,2025-10-11 10:30:00+00:00,12:30 +0200,51.21,59.99,8.780000000000001
52,2025-10-11,2025-10-11 10:45:00+00:00,12:45 +0200,46.92,55.3,8.379999999999995
53,2025-10-11,2025-10-11 11:00:00+00:00,13:00 +0200,51.67,47.19,4.480000000000004
54,2025-10-11,2025-10-11 11:15:00+00:00,13:15 +0200,47.13,51.2,4.07
55,2025-10-11,2025-10-11 11:30:00+00:00,13:30 +0200,43.17,47.1,3.9299999999999997
56,2025-10-11,2025-10-11 11:45:00+00:00,13:45 +0200,45.12,41.6,3.519999999999996
57,2025-10-11,2025-10-11 12:00:00+00:00,14:00 +0200,41.76,51.5,9.740000000000002
58,2025-10-11,2025-10-11 12:15:00+00:00,14:15 +0200,48.54,52.9,4.359999999999999
59,2025-10-11,2025-10-11 12:30:00+00:00,14:30 +0200,52.74,55.3,2.559999999999995
60,2025-10-11,2025-10-11 12:45:00+00:00,14:45 +0200,61.08,51.48,9.600000000000001
61,2025-10-11,2025-10-11 13:00:00+00:00,15:00 +0200,54.55,59.3,4.75
62,2025-10-11,2025-10-11 13:15:00+00:00,15:15 +0200,75.1,69.94,5.159999999999997
63,2025-10-11,2025-10-11 13:30:00+00:00,15:30 +0200,89.6,71.11,18.489999999999995
64,2025-10-11,2025-10-11 13:45:00+00:00,15:45 +0200,88.52,83.5,5.019999999999996
65,2025-10-11,2025-10-11 14:00:00+00:00,16:00 +0200,62.84,67.46,4.61999999999999
66,2025-10-11,2025-10-11 14:15:00+00:00,16:15 +0200,76.17,84.93,8.760000000000005
67,2025-10-11,2025-10-11 14:30:00+00:00,16:30 +0200,89.61,100.05,10.439999999999998
68,2025-10-11,2025-10-11 14:45:00+00:00,16:45 +0200,105.98,110.8,4.819999999999993
69,2025-10-11,2025-10-11 15:00:00+00:00,17:00 +0200,83.89,82.6,1.2900000000000063
70,2025-10-11,2025-10-11 15:15:00+00:00,17:15 +0200,99.22,93.9,5.319999999999993
71,2025-10-11,2025-10-11 15:30:00+00:00,17:30 +0200,126.09,115.9,10.189999999999998
72,2025-10-11,2025-10-11 15:45:00+00:00,17:45 +0200,146.82,122.96,23.86
73,2025-10-11,2025-10-11 16:00:00+00:00,18:00 +0200,110.81,100.24,10.570000000000007
74,2025-10-11,2025-10-11 16:15:00+00:00,18:15 +0200,122.14,114.4,7.739999999999995
75,2025-10-11,2025-10-11 16:30:00+00:00,18:30 +0200,129.9,132.4,2.5
76,2025-10-11,2025-10-11 16:45:00+00:00,18:45 +0200,142.9,139.95,2.950000000000017
77,2025-10-11,2025-10-11 17:00:00+00:00,19:00 +0200,130.59,135.1,4.509999999999991
78,2025-10-11,2025-10-11 17:15:00+00:00,19:15 +0200,139.21,122.73,16.480000000000004
79,2025-10-11,2025-10-11 17:30:00+00:00,19:30 +0200,130.31,122.58,7.730000000000004
80,2025-10-11,2025-10-11 17:45:00+00:00,19:45 +0200,120.58,122.58,2.0
81,2025-10-11,2025-10-11 18:00:00+00:00,20:00 +0200,145.64,139.91,5.72999999999999
82,2025-10-11,2025-10-11 18:15:00+00:00,20:15 +0200,128.34,112.59,15.75
83,2025-10-11,2025-10-11 18:30:00+00:00,20:30 +0200,108.5,109.26,0.7600000000000051
84,2025-10-11,2025-10-11 18:45:00+00:00,20:45 +0200,100.06,97.58,2.480000000000004
85,2025-10-11,2025-10-11 19:00:00+00:00,21:00 +0200,125.8,118.17,7.6299999999999955
86,2025-10-11,2025-10-11 19:15:00+00:00,21:15 +0200,114.05,112.6,1.4500000000000028
87,2025-10-11,2025-10-11 19:30:00+00:00,21:30 +0200,113.69,101.7,11.989999999999995
88,2025-10-11,2025-10-11 19:45:00+00:00,21:45 +0200,96.64,91.8,4.840000000000003
89,2025-10-11,2025-10-11 20:00:00+00:00,22:00 +0200,122.5,117.7,4.799999999999997
90,2025-10-11,2025-10-11 20:15:00+00:00,22:15 +0200,110.4,104.6,5.800000000000011
91,2025-10-11,2025-10-11 20:30:00+00:00,22:30 +0200,101.57,97.8,3.769999999999996
92,2025-10-11,2025-10-11 20:45:00+00:00,22:45 +0200,93.16,91.0,2.1599999999999966
93,2025-10-11,2025-10-11 21:00:00+00:00,23:00 +0200,104.7,99.27,5.430000000000007
94,2025-10-11,2025-10-11 21:15:00+00:00,23:15 +0200,95.41,99.2,3.7900000000000063
95,2025-10-11,2025-10-11 21:30:00+00:00,23:30 +0200,93.18,91.9,1.2800000000000011
96,2025-10-11,2025-10-11 21:45:00+00:00,23:45 +0200,87.1,84.1,3.0
1,2025-10-21,2025-10-20 22:00:00+00:00,00:00 +0200,80.9,49.93,30.970000000000006
2,2025-10-21,2025-10-20 22:15:00+00:00,00:15 +0200,65.7,49.96,15.740000000000002
3,2025-10-21,2025-10-20 22:30:00+00:00,00:30 +0200,53.65,44.9,8.75
4,2025-10-21,2025-10-20 22:45:00+00:00,00:45 +0200,45.67,35.7,9.969999999999999
5,2025-10-21,2025-10-20 23:00:00+00:00,01:00 +0200,55.53,25.09,30.44
6,2025-10-21,2025-10-20 23:15:00+00:00,01:15 +0200,49.85,25.09,24.76
7,2025-10-21,2025-10-20 23:30:00+00:00,01:30 +0200,42.57,25.07,17.5
8,2025-10-21,2025-10-20 23:45:00+00:00,01:45 +0200,27.38,33.39,6.010000000000002
9,2025-10-21,2025-10-21 00:00:00+00:00,02:00 +0200,46.5,25.1,21.4
10,2025-10-21,2025-10-21 00:15:00+00:00,02:15 +0200,34.76,26.94,7.819999999999997
11,2025-10-21,2025-10-21 00:30:00+00:00,02:30 +0200,31.05,26.94,4.109999999999999
12,2025-10-21,2025-10-21 00:45:00+00:00,02:45 +0200,19.98,22.6,2.620000000000001
13,2025-10-21,2025-10-21 01:00:00+00:00,03:00 +0200,32.18,22.53,9.649999999999999
14,2025-10-21,2025-10-21 01:15:00+00:00,03:15 +0200,22.4,22.53,0.13000000000000256
15,2025-10-21,2025-10-21 01:30:00+00:00,03:30 +0200,17.5,5.97,11.530000000000001
16,2025-10-21,2025-10-21 01:45:00+00:00,03:45 +0200,17.03,22.52,5.489999999999998
17,2025-10-21,2025-10-21 02:00:00+00:00,04:00 +0200,20.27,34.87,14.599999999999998
18,2025-10-21,2025-10-21 02:15:00+00:00,04:15 +0200,20.96,22.6,1.6400000000000006
19,2025-10-21,2025-10-21 02:30:00+00:00,04:30 +0200,30.62,22.6,8.02
20,2025-10-21,2025-10-21 02:45:00+00:00,04:45 +0200,31.8,25.09,6.710000000000001
21,2025-10-21,2025-10-21 03:00:00+00:00,05:00 +0200,26.05,30.0,3.9499999999999993
22,2025-10-21,2025-10-21 03:15:00+00:00,05:15 +0200,46.22,27.59,18.63
23,2025-10-21,2025-10-21 03:30:00+00:00,05:30 +0200,52.87,32.13,20.739999999999995
24,2025-10-21,2025-10-21 03:45:00+00:00,05:45 +0200,64.7,32.56,32.14
25,2025-10-21,2025-10-21 04:00:00+00:00,06:00 +0200,39.86,59.93,20.07
26,2025-10-21,2025-10-21 04:15:00+00:00,06:15 +0200,77.51,52.0,25.510000000000005
27,2025-10-21,2025-10-21 04:30:00+00:00,06:30 +0200,91.01,74.2,16.810000000000002
28,2025-10-21,2025-10-21 04:45:00+00:00,06:45 +0200,92.0,86.84,5.159999999999997
29,2025-10-21,2025-10-21 05:00:00+00:00,07:00 +0200,70.28,61.09,9.189999999999998
30,2025-10-21,2025-10-21 05:15:00+00:00,07:15 +0200,95.0,78.3,16.700000000000003
31,2025-10-21,2025-10-21 05:30:00+00:00,07:30 +0200,100.04,97.4,2.6400000000000006
32,2025-10-21,2025-10-21 05:45:00+00:00,07:45 +0200,87.17,104.0,16.83
33,2025-10-21,2025-10-21 06:00:00+00:00,08:00 +0200,89.07,108.1,19.03
34,2025-10-21,2025-10-21 06:15:00+00:00,08:15 +0200,91.4,93.5,2.0999999999999943
35,2025-10-21,2025-10-21 06:30:00+00:00,08:30 +0200,94.85,84.0,10.849999999999994
36,2025-10-21,2025-10-21 06:45:00+00:00,08:45 +0200,91.01,79.78,11.230000000000004
37,2025-10-21,2025-10-21 07:00:00+00:00,09:00 +0200,101.03,88.7,12.329999999999998
38,2025-10-21,2025-10-21 07:15:00+00:00,09:15 +0200,86.22,77.7,8.519999999999996
39,2025-10-21,2025-10-21 07:30:00+00:00,09:30 +0200,82.21,78.97,3.239999999999995
40,2025-10-21,2025-10-21 07:45:00+00:00,09:45 +0200,69.41,70.2,0.7900000000000063
41,2025-10-21,2025-10-21 08:00:00+00:00,10:00 +0200,92.0,83.6,8.400000000000006
42,2025-10-21,2025-10-21 08:15:00+00:00,10:15 +0200,84.06,71.1,12.960000000000008
43,2025-10-21,2025-10-21 08:30:00+00:00,10:30 +0200,66.35,62.0,4.349999999999994
44,2025-10-21,2025-10-21 08:45:00+00:00,10:45 +0200,54.67,59.64,4.969999999999999
45,2025-10-21,2025-10-21 09:00:00+00:00,11:00 +0200,85.0,57.55,27.450000000000003
46,2025-10-21,2025-10-21 09:15:00+00:00,11:15 +0200,72.91,56.03,16.879999999999995
47,2025-10-21,2025-10-21 09:30:00+00:00,11:30 +0200,58.4,57.8,0.6000000000000014
48,2025-10-21,2025-10-21 09:45:00+00:00,11:45 +0200,44.14,52.9,8.759999999999998
49,2025-10-21,2025-10-21 10:00:00+00:00,12:00 +0200,57.65,47.53,10.119999999999997
50,2025-10-21,2025-10-21 10:15:00+00:00,12:15 +0200,52.32,42.54,9.780000000000001
51,2025-10-21,2025-10-21 10:30:00+00:00,12:30 +0200,49.83,40.06,9.769999999999996
52,2025-10-21,2025-10-21 10:45:00+00:00,12:45 +0200,30.02,40.07,10.05
53,2025-10-21,2025-10-21 11:00:00+00:00,13:00 +0200,44.22,23.66,20.56
54,2025-10-21,2025-10-21 11:15:00+00:00,13:15 +0200,36.31,40.01,3.6999999999999957
55,2025-10-21,2025-10-21 11:30:00+00:00,13:30 +0200,25.21,40.02,14.810000000000002
56,2025-10-21,2025-10-21 11:45:00+00:00,13:45 +0200,20.59,23.66,3.0700000000000003
57,2025-10-21,2025-10-21 12:00:00+00:00,14:00 +0200,16.49,42.46,25.970000000000002
58,2025-10-21,2025-10-21 12:15:00+00:00,14:15 +0200,28.18,20.09,8.09
59,2025-10-21,2025-10-21 12:30:00+00:00,14:30 +0200,35.48,50.02,14.540000000000006
60,2025-10-21,2025-10-21 12:45:00+00:00,14:45 +0200,52.09,35.07,17.020000000000003
61,2025-10-21,2025-10-21 13:00:00+00:00,15:00 +0200,23.39,50.01,26.619999999999997
62,2025-10-21,2025-10-21 13:15:00+00:00,15:15 +0200,47.69,54.53,6.840000000000003
63,2025-10-21,2025-10-21 13:30:00+00:00,15:30 +0200,78.83,60.09,18.739999999999995
64,2025-10-21,2025-10-21 13:45:00+00:00,15:45 +0200,91.01,74.6,16.41000000000001
65,2025-10-21,2025-10-21 14:00:00+00:00,16:00 +0200,35.44,52.56,17.120000000000005
66,2025-10-21,2025-10-21 14:15:00+00:00,16:15 +0200,53.42,65.3,11.879999999999995
67,2025-10-21,2025-10-21 14:30:00+00:00,16:30 +0200,85.69,79.9,5.789999999999992
68,2025-10-21,2025-10-21 14:45:00+00:00,16:45 +0200,98.26,94.3,3.960000000000008
69,2025-10-21,2025-10-21 15:00:00+00:00,17:00 +0200,51.97,80.8,28.83
70,2025-10-21,2025-10-21 15:15:00+00:00,17:15 +0200,90.22,98.9,8.680000000000007
71,2025-10-21,2025-10-21 15:30:00+00:00,17:30 +0200,120.26,115.88,4.38000000000001
72,2025-10-21,2025-10-21 15:45:00+00:00,17:45 +0200,137.55,122.6,14.950000000000017
73,2025-10-21,2025-10-21 16:00:00+00:00,18:00 +0200,87.11,117.52,30.409999999999997
74,2025-10-21,2025-10-21 16:15:00+00:00,18:15 +0200,112.75,120.4,7.650000000000006
75,2025-10-21,2025-10-21 16:30:00+00:00,18:30 +0200,144.12,133.5,10.620000000000005
76,2025-10-21,2025-10-21 16:45:00+00:00,18:45 +0200,143.22,121.42,21.799999999999997
77,2025-10-21,2025-10-21 17:00:00+00:00,19:00 +0200,122.3,125.03,2.730000000000004
78,2025-10-21,2025-10-21 17:15:00+00:00,19:15 +0200,128.35,116.3,12.049999999999997
79,2025-10-21,2025-10-21 17:30:00+00:00,19:30 +0200,111.32,122.8,11.480000000000004
80,2025-10-21,2025-10-21 17:45:00+00:00,19:45 +0200,99.57,95.07,4.5
81,2025-10-21,2025-10-21 18:00:00+00:00,20:00 +0200,114.37,115.6,1.2299999999999898
82,2025-10-21,2025-10-21 18:15:00+00:00,20:15 +0200,101.75,100.74,1.0100000000000051
83,2025-10-21,2025-10-21 18:30:00+00:00,20:30 +0200,95.0,96.9,1.9000000000000057
84,2025-10-21,2025-10-21 18:45:00+00:00,20:45 +0200,87.57,88.6,1.0300000000000011
85,2025-10-21,2025-10-21 19:00:00+00:00,21:00 +0200,88.73,101.37,12.64
86,2025-10-21,2025-10-21 19:15:00+00:00,21:15 +0200,79.44,95.4,15.960000000000008
87,2025-10-21,2025-10-21 19:30:00+00:00,21:30 +0200,85.79,82.8,2.990000000000009
88,2025-10-21,2025-10-21 19:45:00+00:00,21:45 +0200,70.26,72.3,2.039999999999992
89,2025-10-21,2025-10-21 20:00:00+00:00,22:00 +0200,92.79,94.9,2.1099999999999994
90,2025-10-21,2025-10-21 20:15:00+00:00,22:15 +0200,82.38,83.7,1.3200000000000074
91,2025-10-21,2025-10-21 20:30:00+00:00,22:30 +0200,79.59,75.1,4.490000000000009
92,2025-10-21,2025-10-21 20:45:00+00:00,22:45 +0200,71.96,67.76,4.199999999999989
93,2025-10-21,2025-10-21 21:00:00+00:00,23:00 +0200,83.78,79.8,3.980000000000004
94,2025-10-21,2025-10-21 21:15:00+00:00,23:15 +0200,76.9,71.45,5.450000000000003
95,2025-10-21,2025-10-21 21:30:00+00:00,23:30 +0200,73.95,71.3,2.6500000000000057
96,2025-10-21,2025-10-21 21:45:00+00:00,23:45 +0200,62.69,60.7,1.9899999999999949
1,2025-10-26,2025-10-25 22:00:00+00:00,00:00 +0200,7.17,22.21,15.040000000000001
2,2025-10-26,2025-10-25 22:15:00+00:00,00:15 +0200,6.57,24.8,18.23
3,2025-10-26,2025-10-25 22:30:00+00:00,00:30 +0200,4.29,13.2,8.91
4,2025-10-26,2025-10-25 22:45:00+00:00,00:45 +0200,4.26,7.8,3.54
5,2025-10-26,2025-10-25 23:00:00+00:00,01:00 +0200,4.01,15.4,11.39
6,2025-10-26,2025-10-25 23:15:00+00:00,01:15 +0200,3.76,7.6,3.84
7,2025-10-26,2025-10-25 23:30:00+00:00,01:30 +0200,3.75,3.9,0.1499999999999999
8,2025-10-26,2025-10-25 23:45:00+00:00,01:45 +0200,3.27,-0.7,3.9699999999999998
9,2025-10-26,2025-10-26 00:00:00+00:00,02:00 +0200,3.99,5.8,1.8099999999999996
10,2025-10-26,2025-10-26 00:15:00+00:00,02:15 +0200,3.33,-0.7,4.03
11,2025-10-26,2025-10-26 00:30:00+00:00,02:30 +0200,3.04,-4.0,7.04
12,2025-10-26,2025-10-26 00:45:00+00:00,02:45 +0200,2.4,-7.9,10.3
13,2025-10-26,2025-10-26 01:00:00+00:00,02:00 +0100,2.89,4.9,2.0100000000000002
14,2025-10-26,2025-10-26 01:15:00+00:00,02:15 +0100,2.5,1.9,0.6000000000000001
15,2025-10-26,2025-10-26 01:30:00+00:00,02:30 +0100,2.12,1.8,0.32000000000000006
16,2025-10-26,2025-10-26 01:45:00+00:00,02:45 +0100,0.55,1.9,1.3499999999999999
17,2025-10-26,2025-10-26 02:00:00+00:00,03:00 +0100,1.23,2.6,1.37
18,2025-10-26,2025-10-26 02:15:00+00:00,03:15 +0100,0.04,0.2,0.16
19,2025-10-26,2025-10-26 02:30:00+00:00,03:30 +0100,0.1,-0.3,0.4
20,2025-10-26,2025-10-26 02:45:00+00:00,03:45 +0100,0.0,-1.7,1.7
21,2025-10-26,2025-10-26 03:00:00+00:00,04:00 +0100,0.2,2.3,2.0999999999999996
22,2025-10-26,2025-10-26 03:15:00+00:00,04:15 +0100,0.1,-0.2,0.30000000000000004
23,2025-10-26,2025-10-26 03:30:00+00:00,04:30 +0100,0.1,-3.0,3.1
24,2025-10-26,2025-10-26 03:45:00+00:00,04:45 +0100,0.01,-6.1,6.109999999999999
25,2025-10-26,2025-10-26 04:00:00+00:00,05:00 +0100,0.12,-8.41,8.53
26,2025-10-26,2025-10-26 04:15:00+00:00,05:15 +0100,0.1,-7.42,7.52
27,2025-10-26,2025-10-26 04:30:00+00:00,05:30 +0100,0.1,-6.5,6.6
28,2025-10-26,2025-10-26 04:45:00+00:00,05:45 +0100,0.1,-2.6,2.7
29,2025-10-26,2025-10-26 05:00:00+00:00,06:00 +0100,0.0,-2.8,2.8
30,2025-10-26,2025-10-26 05:15:00+00:00,06:15 +0100,0.03,-3.1,3.13
31,2025-10-26,2025-10-26 05:30:00+00:00,06:30 +0100,0.3,-4.3,4.6
32,2025-10-26,2025-10-26 05:45:00+00:00,06:45 +0100,0.1,-18.2,18.3
33,2025-10-26,2025-10-26 06:00:00+00:00,07:00 +0100,0.32,3.2,2.8800000000000003
34,2025-10-26,2025-10-26 06:15:00+00:00,07:15 +0100,0.1,5.4,5.300000000000001
35,2025-10-26,2025-10-26 06:30:00+00:00,07:30 +0100,0.0,3.9,3.9
36,2025-10-26,2025-10-26 06:45:00+00:00,07:45 +0100,-0.01,-10.1,10.09
37,2025-10-26,2025-10-26 07:00:00+00:00,08:00 +0100,0.01,14.0,13.99
38,2025-10-26,2025-10-26 07:15:00+00:00,08:15 +0100,0.0,3.2,3.2
39,2025-10-26,2025-10-26 07:30:00+00:00,08:30 +0100,-0.01,-1.4,1.39
40,2025-10-26,2025-10-26 07:45:00+00:00,08:45 +0100,-0.04,-4.0,3.96
41,2025-10-26,2025-10-26 08:00:00+00:00,09:00 +0100,-0.04,0.1,0.14
42,2025-10-26,2025-10-26 08:15:00+00:00,09:15 +0100,-0.07,-0.6,0.53
43,2025-10-26,2025-10-26 08:30:00+00:00,09:30 +0100,-0.09,-1.3,1.21
44,2025-10-26,2025-10-26 08:45:00+00:00,09:45 +0100,-1.05,-4.6,3.55
45,2025-10-26,2025-10-26 09:00:00+00:00,10:00 +0100,-0.07,-1.3,1.23
46,2025-10-26,2025-10-26 09:15:00+00:00,10:15 +0100,-0.07,0.44,0.51
47,2025-10-26,2025-10-26 09:30:00+00:00,10:30 +0100,-0.06,-0.55,0.49000000000000005
48,2025-10-26,2025-10-26 09:45:00+00:00,10:45 +0100,-0.06,-1.54,1.48
49,2025-10-26,2025-10-26 10:00:00+00:00,11:00 +0100,-0.09,-4.4,4.3100000000000005
50,2025-10-26,2025-10-26 10:15:00+00:00,11:15 +0100,-0.08,-0.9,0.8200000000000001
51,2025-10-26,2025-10-26 10:30:00+00:00,11:30 +0100,-0.07,1.0,1.07
52,2025-10-26,2025-10-26 10:45:00+00:00,11:45 +0100,-0.08,0.8,0.88
53,2025-10-26,2025-10-26 11:00:00+00:00,12:00 +0100,-0.08,-2.8,2.7199999999999998
54,2025-10-26,2025-10-26 11:15:00+00:00,12:15 +0100,-0.07,-2.9,2.83
55,2025-10-26,2025-10-26 11:30:00+00:00,12:30 +0100,-0.05,-2.05,1.9999999999999998
56,2025-10-26,2025-10-26 11:45:00+00:00,12:45 +0100,-0.06,-5.0,4.94
57,2025-10-26,2025-10-26 12:00:00+00:00,13:00 +0100,-0.06,-1.4,1.3399999999999999
58,2025-10-26,2025-10-26 12:15:00+00:00,13:15 +0100,-0.07,-1.1,1.03
59,2025-10-26,2025-10-26 12:30:00+00:00,13:30 +0100,-1.0,-1.5,0.5
60,2025-10-26,2025-10-26 12:45:00+00:00,13:45 +0100,-1.05,-0.4,0.65
61,2025-10-26,2025-10-26 13:00:00+00:00,14:00 +0100,-0.32,0.6,0.9199999999999999
62,2025-10-26,2025-10-26 13:15:00+00:00,14:15 +0100,-1.03,3.4,4.43
63,2025-10-26,2025-10-26 13:30:00+00:00,14:30 +0100,-1.04,4.2,5.24
64,2025-10-26,2025-10-26 13:45:00+00:00,14:45 +0100,-0.54,6.3,6.84
65,2025-10-26,2025-10-26 14:00:00+00:00,15:00 +0100,-1.02,9.5,10.52
66,2025-10-26,2025-10-26 14:15:00+00:00,15:15 +0100,-0.07,12.7,12.77
67,2025-10-26,2025-10-26 14:30:00+00:00,15:30 +0100,0.0,14.5,14.5
68,2025-10-26,2025-10-26 14:45:00+00:00,15:45 +0100,1.05,17.7,16.65
69,2025-10-26,2025-10-26 15:00:00+00:00,16:00 +0100,-0.04,5.3,5.34
70,2025-10-26,2025-10-26 15:15:00+00:00,16:15 +0100,0.1,17.0,16.9
71,2025-10-26,2025-10-26 15:30:00+00:00,16:30 +0100,0.0,22.2,22.2
72,2025-10-26,2025-10-26 15:45:00+00:00,16:45 +0100,12.09,15.3,3.210000000000001
73,2025-10-26,2025-10-26 16:00:00+00:00,17:00 +0100,3.83,25.6,21.770000000000003
74,2025-10-26,2025-10-26 16:15:00+00:00,17:15 +0100,27.51,28.0,0.48999999999999844
75,2025-10-26,2025-10-26 16:30:00+00:00,17:30 +0100,42.19,26.6,15.589999999999996
76,2025-10-26,2025-10-26 16:45:00+00:00,17:45 +0100,46.48,17.4,29.08
77,2025-10-26,2025-10-26 17:00:00+00:00,18:00 +0100,47.82,36.57,11.25
78,2025-10-26,2025-10-26 17:15:00+00:00,18:15 +0100,43.86,41.57,2.289999999999999
79,2025-10-26,2025-10-26 17:30:00+00:00,18:30 +0100,49.34,47.3,2.0400000000000063
80,2025-10-26,2025-10-26 17:45:00+00:00,18:45 +0100,27.07,32.5,5.43
81,2025-10-26,2025-10-26 18:00:00+00:00,19:00 +0100,41.4,28.0,13.399999999999999
82,2025-10-26,2025-10-26 18:15:00+00:00,19:15 +0100,39.7,47.8,8.099999999999994
83,2025-10-26,2025-10-26 18:30:00+00:00,19:30 +0100,30.0,48.7,18.700000000000003
84,2025-10-26,2025-10-26 18:45:00+00:00,19:45 +0100,27.82,49.46,21.64
85,2025-10-26,2025-10-26 19:00:00+00:00,20:00 +0100,43.49,-10.65,54.14
86,2025-10-26,2025-10-26 19:15:00+00:00,20:15 +0100,17.91,32.52,14.610000000000003
87,2025-10-26,2025-10-26 19:30:00+00:00,20:30 +0100,2.57,26.55,23.98
88,2025-10-26,2025-10-26 19:45:00+00:00,20:45 +0100,2.6,23.57,20.97
89,2025-10-26,2025-10-26 20:00:00+00:00,21:00 +0100,3.88,17.57,13.690000000000001
90,2025-10-26,2025-10-26 20:15:00+00:00,21:15 +0100,2.66,17.52,14.86
91,2025-10-26,2025-10-26 20:30:00+00:00,21:30 +0100,3.17,14.55,11.38
92,2025-10-26,2025-10-26 20:45:00+00:00,21:45 +0100,2.55,10.0,7.45
93,2025-10-26,2025-10-26 21:00:00+00:00,22:00 +0100,14.06,22.5,8.44
94,2025-10-26,2025-10-26 21:15:00+00:00,22:15 +0100,11.43,15.4,3.9700000000000006
95,2025-10-26,2025-10-26 21:30:00+00:00,22:30 +0100,22.63,10.2,12.43
96,2025-10-26,2025-10-26 21:45:00+00:00,22:45 +0100,11.51,2.2,9.309999999999999
97,2025-10-26,2025-10-26 22:00:00+00:00,23:00 +0100,2.56,19.3,16.740000000000002
98,2025-10-26,2025-10-26 22:15:00+00:00,23:15 +0100,9.13,10.7,1.5699999999999985
99,2025-10-26,2025-10-26 22:30:00+00:00,23:30 +0100,5.39,7.43,2.04
100,2025-10-26,2025-10-26 22:45:00+00:00,23:45 +0100,3.16,0.0,3.16
1,2025-10-31,2025-10-30 23:00:00+00:00,00:00 +0100,102.81,91.45,11.36
2,2025-10-31,2025-10-30 23:15:00+00:00,00:15 +0100,89.76,90.46,0.6999999999999886
3,2025-10-31,2025-10-30 23:30:00+00:00,00:30 +0100,81.66,87.8,6.140000000000001
4,2025-10-31,2025-10-30 23:45:00+00:00,00:45 +0100,76.73,83.1,6.36999999999999
5,2025-10-31,2025-10-31 00:00:00+00:00,01:00 +0100,87.49,95.3,7.810000000000002
6,2025-10-31,2025-10-31 00:15:00+00:00,01:15 +0100,82.05,88.8,6.75
7,2025-10-31,2025-10-31 00:30:00+00:00,01:30 +0100,74.0,84.8,10.799999999999997
8,2025-10-31,2025-10-31 00:45:00+00:00,01:45 +0100,69.09,80.7,11.61
9,2025-10-31,2025-10-31 01:00:00+00:00,02:00 +0100,80.93,89.6,8.669999999999987
10,2025-10-31,2025-10-31 01:15:00+00:00,02:15 +0100,73.07,83.7,10.63000000000001
11,2025-10-31,2025-10-31 01:30:00+00:00,02:30 +0100,73.0,83.4,10.400000000000006
12,2025-10-31,2025-10-31 01:45:00+00:00,02:45 +0100,71.96,80.56,8.600000000000009
13,2025-10-31,2025-10-31 02:00:00+00:00,03:00 +0100,71.05,85.0,13.950000000000003
14,2025-10-31,2025-10-31 02:15:00+00:00,03:15 +0100,72.7,82.0,9.299999999999997
15,2025-10-31,2025-10-31 02:30:00+00:00,03:30 +0100,78.15,81.3,3.1499999999999915
16,2025-10-31,2025-10-31 02:45:00+00:00,03:45 +0100,80.8,79.7,1.0999999999999943
17,2025-10-31,2025-10-31 03:00:00+00:00,04:00 +0100,72.26,83.4,11.14
18,2025-10-31,2025-10-31 03:15:00+00:00,04:15 +0100,74.82,80.8,5.980000000000004
19,2025-10-31,2025-10-31 03:30:00+00:00,04:30 +0100,87.36,80.5,6.859999999999999
20,2025-10-31,2025-10-31 03:45:00+00:00,04:45 +0100,84.61,80.5,4.109999999999999
21,2025-10-31,2025-10-31 04:00:00+00:00,05:00 +0100,83.15,84.04,0.8900000000000006
22,2025-10-31,2025-10-31 04:15:00+00:00,05:15 +0100,85.12,82.49,2.6300000000000097
23,2025-10-31,2025-10-31 04:30:00+00:00,05:30 +0100,98.06,86.46,11.600000000000009
24,2025-10-31,2025-10-31 04:45:00+00:00,05:45 +0100,100.97,89.8,11.170000000000002
25,2025-10-31,2025-10-31 05:00:00+00:00,06:00 +0100,101.23,94.92,6.310000000000002
26,2025-10-31,2025-10-31 05:15:00+00:00,06:15 +0100,120.92,97.41,23.510000000000005
27,2025-10-31,2025-10-31 05:30:00+00:00,06:30 +0100,129.3,101.87,27.430000000000007
28,2025-10-31,2025-10-31 05:45:00+00:00,06:45 +0100,130.09,106.6,23.49000000000001
29,2025-10-31,2025-10-31 06:00:00+00:00,07:00 +0100,124.3,119.91,4.390000000000001
30,2025-10-31,2025-10-31 06:15:00+00:00,07:15 +0100,129.62,112.08,17.540000000000006
31,2025-10-31,2025-10-31 06:30:00+00:00,07:30 +0100,117.5,113.6,3.9000000000000057
32,2025-10-31,2025-10-31 06:45:00+00:00,07:45 +0100,106.87,111.49,4.61999999999999
33,2025-10-31,2025-10-31 07:00:00+00:00,08:00 +0100,135.99,117.55,18.440000000000012
34,2025-10-31,2025-10-31 07:15:00+00:00,08:15 +0100,117.05,102.1,14.950000000000003
35,2025-10-31,2025-10-31 07:30:00+00:00,08:30 +0100,98.37,99.93,1.5600000000000023
36,2025-10-31,2025-10-31 07:45:00+00:00,08:45 +0100,83.65,89.3,5.6499999999999915
37,2025-10-31,2025-10-31 08:00:00+00:00,09:00 +0100,108.21,102.18,6.029999999999987
38,2025-10-31,2025-10-31 08:15:00+00:00,09:15 +0100,86.27,92.1,5.829999999999998
39,2025-10-31,2025-10-31 08:30:00+00:00,09:30 +0100,71.42,84.2,12.780000000000001
40,2025-10-31,2025-10-31 08:45:00+00:00,09:45 +0100,66.15,79.91,13.759999999999991
41,2025-10-31,2025-10-31 09:00:00+00:00,10:00 +0100,79.45,89.3,9.849999999999994
42,2025-10-31,2025-10-31 09:15:00+00:00,10:15 +0100,76.26,78.1,1.8399999999999892
43,2025-10-31,2025-10-31 09:30:00+00:00,10:30 +0100,75.02,70.41,4.609999999999999
44,2025-10-31,2025-10-31 09:45:00+00:00,10:45 +0100,71.95,70.75,1.2000000000000028
45,2025-10-31,2025-10-31 10:00:00+00:00,11:00 +0100,75.08,78.2,3.1200000000000045
46,2025-10-31,2025-10-31 10:15:00+00:00,11:15 +0100,73.87,75.89,2.019999999999996
47,2025-10-31,2025-10-31 10:30:00+00:00,11:30 +0100,73.0,77.43,4.430000000000007
48,2025-10-31,2025-10-31 10:45:00+00:00,11:45 +0100,74.4,79.92,5.519999999999996
49,2025-10-31,2025-10-31 11:00:00+00:00,12:00 +0100,71.47,74.94,3.469999999999999
50,2025-10-31,2025-10-31 11:15:00+00:00,12:15 +0100,71.89,77.46,5.569999999999993
51,2025-10-31,2025-10-31 11:30:00+00:00,12:30 +0100,78.92,79.99,1.0699999999999932
52,2025-10-31,2025-10-31 11:45:00+00:00,12:45 +0100,81.68,84.96,3.279999999999987
53,2025-10-31,2025-10-31 12:00:00+00:00,13:00 +0100,75.2,69.49,5.710000000000008
54,2025-10-31,2025-10-31 12:15:00+00:00,13:15 +0100,79.99,71.9,8.08999999999999
55,2025-10-31,2025-10-31 12:30:00+00:00,13:30 +0100,85.35,87.42,2.0700000000000074
56,2025-10-31,2025-10-31 12:45:00+00:00,13:45 +0100,96.29,96.96,0.6699999999999875
57,2025-10-31,2025-10-31 13:00:00+00:00,14:00 +0100,79.49,73.56,5.929999999999993
58,2025-10-31,2025-10-31 13:15:00+00:00,14:15 +0100,99.75,80.8,18.950000000000003
59,2025-10-31,2025-10-31 13:30:00+00:00,14:30 +0100,115.58,92.3,23.28
60,2025-10-31,2025-10-31 13:45:00+00:00,14:45 +0100,131.98,103.16,28.819999999999993
61,2025-10-31,2025-10-31 14:00:00+00:00,15:00 +0100,107.25,90.05,17.200000000000003
62,2025-10-31,2025-10-31 14:15:00+00:00,15:15 +0100,123.17,95.5,27.67
63,2025-10-31,2025-10-31 14:30:00+00:00,15:30 +0100,138.94,105.4,33.53999999999999
64,2025-10-31,2025-10-31 14:45:00+00:00,15:45 +0100,138.95,116.0,22.94999999999999
65,2025-10-31,2025-10-31 15:00:00+00:00,16:00 +0100,133.9,109.94,23.960000000000008
66,2025-10-31,2025-10-31 15:15:00+00:00,16:15 +0100,132.72,108.5,24.22
67,2025-10-31,2025-10-31 15:30:00+00:00,16:30 +0100,133.9,114.5,19.400000000000006
68,2025-10-31,2025-10-31 15:45:00+00:00,16:45 +0100,127.67,128.7,1.029999999999987
69,2025-10-31,2025-10-31 16:00:00+00:00,17:00 +0100,134.49,122.5,11.990000000000009
70,2025-10-31,2025-10-31 16:15:00+00:00,17:15 +0100,126.51,122.56,3.950000000000003
71,2025-10-31,2025-10-31 16:30:00+00:00,17:30 +0100,122.64,119.96,2.680000000000007
72,2025-10-31,2025-10-31 16:45:00+00:00,17:45 +0100,105.06,119.96,14.899999999999991
73,2025-10-31,2025-10-31 17:00:00+00:00,18:00 +0100,127.01,123.18,3.8299999999999983
74,2025-10-31,2025-10-31 17:15:00+00:00,18:15 +0100,116.51,119.98,3.469999999999999
75,2025-10-31,2025-10-31 17:30:00+00:00,18:30 +0100,100.98,113.3,12.319999999999993
76,2025-10-31,2025-10-31 17:45:00+00:00,18:45 +0100,84.62,107.59,22.97
77,2025-10-31,2025-10-31 18:00:00+00:00,19:00 +0100,97.25,112.43,15.180000000000007
78,2025-10-31,2025-10-31 18:15:00+00:00,19:15 +0100,84.65,101.18,16.53
79,2025-10-31,2025-10-31 18:30:00+00:00,19:30 +0100,93.63,90.56,3.069999999999993
80,2025-10-31,2025-10-31 18:45:00+00:00,19:45 +0100,84.49,92.2,7.710000000000008
81,2025-10-31,2025-10-31 19:00:00+00:00,20:00 +0100,99.41,99.96,0.5499999999999972
82,2025-10-31,2025-10-31 19:15:00+00:00,20:15 +0100,91.24,97.48,6.240000000000009
83,2025-10-31,2025-10-31 19:30:00+00:00,20:30 +0100,80.88,96.56,15.680000000000007
84,2025-10-31,2025-10-31 19:45:00+00:00,20:45 +0100,72.66,89.99,17.33
85,2025-10-31,2025-10-31 20:00:00+00:00,21:00 +0100,97.81,94.0,3.8100000000000023
86,2025-10-31,2025-10-31 20:15:00+00:00,21:15 +0100,90.15,85.2,4.950000000000003
87,2025-10-31,2025-10-31 20:30:00+00:00,21:30 +0100,85.87,82.42,3.450000000000003
88,2025-10-31,2025-10-31 20:45:00+00:00,21:45 +0100,76.03,82.39,6.359999999999999
89,2025-10-31,2025-10-31 21:00:00+00:00,22:00 +0100,94.91,86.8,8.11
90,2025-10-31,2025-10-31 21:15:00+00:00,22:15 +0100,84.16,81.0,3.1599999999999966
91,2025-10-31,2025-10-31 21:30:00+00:00,22:30 +0100,79.78,75.9,3.8799999999999955
92,2025-10-31,2025-10-31 21:45:00+00:00,22:45 +0100,68.53,72.3,3.769999999999996
93,2025-10-31,2025-10-31 22:00:00+00:00,23:00 +0100,97.16,77.7,19.459999999999994
94,2025-10-31,2025-10-31 22:15:00+00:00,23:15 +0100,75.23,82.4,7.170000000000002
95,2025-10-31,2025-10-31 22:30:00+00:00,23:30 +0100,55.65,66.63,10.979999999999997
96,2025-10-31,2025-10-31 22:45:00+00:00,23:45 +0100,42.37,77.41,35.04
1,2025-11-10,2025-11-09 23:00:00+00:00,00:00 +0100,92.38,102.79,10.41000000000001
2,2025-11-10,2025-11-09 23:15:00+00:00,00:15 +0100,89.98,101.41,11.429999999999993
3,2025-11-10,2025-11-09 23:30:00+00:00,00:30 +0100,87.4,96.8,9.399999999999991
4,2025-11-10,2025-11-09 23:45:00+00:00,00:45 +0100,86.16,91.0,4.840000000000003
5,2025-11-10,2025-11-10 00:00:00+00:00,01:00 +0100,88.71,99.43,10.720000000000013
6,2025-11-10,2025-11-10 00:15:00+00:00,01:15 +0100,88.46,98.1,9.64
7,2025-11-10,2025-11-10 00:30:00+00:00,01:30 +0100,86.43,95.5,9.069999999999993
8,2025-11-10,2025-11-10 00:45:00+00:00,01:45 +0100,86.94,91.7,4.760000000000005
9,2025-11-10,2025-11-10 01:00:00+00:00,02:00 +0100,90.65,97.28,6.6299999999999955
10,2025-11-10,2025-11-10 01:15:00+00:00,02:15 +0100,89.6,94.8,5.200000000000003
11,2025-11-10,2025-11-10 01:30:00+00:00,02:30 +0100,88.25,93.4,5.150000000000006
12,2025-11-10,2025-11-10 01:45:00+00:00,02:45 +0100,87.11,91.8,4.689999999999998
13,2025-11-10,2025-11-10 02:00:00+00:00,03:00 +0100,88.17,91.2,3.030000000000001
14,2025-11-10,2025-11-10 02:15:00+00:00,03:15 +0100,87.27,92.11,4.840000000000003
15,2025-11-10,2025-11-10 02:30:00+00:00,03:30 +0100,87.63,94.6,6.969999999999999
16,2025-11-10,2025-11-10 02:45:00+00:00,03:45 +0100,87.02,96.5,9.480000000000004
17,2025-11-10,2025-11-10 03:00:00+00:00,04:00 +0100,85.32,93.1,7.780000000000001
18,2025-11-10,2025-11-10 03:15:00+00:00,04:15 +0100,85.05,93.7,8.650000000000006
19,2025-11-10,2025-11-10 03:30:00+00:00,04:30 +0100,87.02,97.5,10.480000000000004
20,2025-11-10,2025-11-10 03:45:00+00:00,04:45 +0100,91.32,99.19,7.8700000000000045
21,2025-11-10,2025-11-10 04:00:00+00:00,05:00 +0100,86.07,90.9,4.8300000000000125
22,2025-11-10,2025-11-10 04:15:00+00:00,05:15 +0100,86.54,100.2,13.659999999999997
23,2025-11-10,2025-11-10 04:30:00+00:00,05:30 +0100,94.57,108.47,13.900000000000006
24,2025-11-10,2025-11-10 04:45:00+00:00,05:45 +0100,102.07,110.32,8.25
25,2025-11-10,2025-11-10 05:00:00+00:00,06:00 +0100,88.27,94.0,5.730000000000004
26,2025-11-10,2025-11-10 05:15:00+00:00,06:15 +0100,103.37,126.2,22.83
27,2025-11-10,2025-11-10 05:30:00+00:00,06:30 +0100,122.25,155.7,33.44999999999999
28,2025-11-10,2025-11-10 05:45:00+00:00,06:45 +0100,139.92,196.5,56.58000000000001
29,2025-11-10,2025-11-10 06:00:00+00:00,07:00 +0100,125.13,159.53,34.400000000000006
30,2025-11-10,2025-11-10 06:15:00+00:00,07:15 +0100,140.93,164.8,23.870000000000005
31,2025-11-10,2025-11-10 06:30:00+00:00,07:30 +0100,149.45,185.6,36.150000000000006
32,2025-11-10,2025-11-10 06:45:00+00:00,07:45 +0100,156.47,217.0,60.53
33,2025-11-10,2025-11-10 07:00:00+00:00,08:00 +0100,176.4,179.45,3.049999999999983
34,2025-11-10,2025-11-10 07:15:00+00:00,08:15 +0100,159.14,175.9,16.76000000000002
35,2025-11-10,2025-11-10 07:30:00+00:00,08:30 +0100,156.15,169.2,13.049999999999983
36,2025-11-10,2025-11-10 07:45:00+00:00,08:45 +0100,139.81,264.46,124.64999999999998
37,2025-11-10,2025-11-10 08:00:00+00:00,09:00 +0100,175.95,172.1,3.8499999999999943
38,2025-11-10,2025-11-10 08:15:00+00:00,09:15 +0100,146.07,157.3,11.230000000000018
39,2025-11-10,2025-11-10 08:30:00+00:00,09:30 +0100,132.6,149.46,16.860000000000014
40,2025-11-10,2025-11-10 08:45:00+00:00,09:45 +0100,122.57,233.35,110.78
41,2025-11-10,2025-11-10 09:00:00+00:00,10:00 +0100,145.7,173.71,28.01000000000002
42,2025-11-10,2025-11-10 09:15:00+00:00,10:15 +0100,127.54,143.2,15.659999999999982
43,2025-11-10,2025-11-10 09:30:00+00:00,10:30 +0100,123.34,136.41,13.069999999999993
44,2025-11-10,2025-11-10 09:45:00+00:00,10:45 +0100,108.51,134.41,25.89999999999999
45,2025-11-10,2025-11-10 10:00:00+00:00,11:00 +0100,122.57,136.3,13.730000000000018
46,2025-11-10,2025-11-10 10:15:00+00:00,11:15 +0100,117.76,127.1,9.33999999999999
47,2025-11-10,2025-11-10 10:30:00+00:00,11:30 +0100,111.81,156.17,44.359999999999985
48,2025-11-10,2025-11-10 10:45:00+00:00,11:45 +0100,108.84,121.48,12.64
49,2025-11-10,2025-11-10 11:00:00+00:00,12:00 +0100,109.43,133.5,24.069999999999993
50,2025-11-10,2025-11-10 11:15:00+00:00,12:15 +0100,107.39,123.2,15.810000000000002
51,2025-11-10,2025-11-10 11:30:00+00:00,12:30 +0100,102.83,120.47,17.64
52,2025-11-10,2025-11-10 11:45:00+00:00,12:45 +0100,104.04,121.49,17.44999999999999
53,2025-11-10,2025-11-10 12:00:00+00:00,13:00 +0100,107.91,126.31,18.400000000000006
54,2025-11-10,2025-11-10 12:15:00+00:00,13:15 +0100,107.08,129.6,22.519999999999996
55,2025-11-10,2025-11-10 12:30:00+00:00,13:30 +0100,105.47,128.3,22.830000000000013
56,2025-11-10,2025-11-10 12:45:00+00:00,13:45 +0100,113.18,125.7,12.519999999999996
57,2025-11-10,2025-11-10 13:00:00+00:00,14:00 +0100,102.38,127.66,25.28
58,2025-11-10,2025-11-10 13:15:00+00:00,14:15 +0100,104.13,131.9,27.77000000000001
59,2025-11-10,2025-11-10 13:30:00+00:00,14:30 +0100,118.62,142.2,23.579999999999984
60,2025-11-10,2025-11-10 13:45:00+00:00,14:45 +0100,137.13,154.9,17.77000000000001
61,2025-11-10,2025-11-10 14:00:00+00:00,15:00 +0100,102.85,193.69,90.84
62,2025-11-10,2025-11-10 14:15:00+00:00,15:15 +0100,110.52,162.46,51.94000000000001
63,2025-11-10,2025-11-10 14:30:00+00:00,15:30 +0100,128.94,171.6,42.66
64,2025-11-10,2025-11-10 14:45:00+00:00,15:45 +0100,162.7,183.1,20.400000000000006
65,2025-11-10,2025-11-10 15:00:00+00:00,16:00 +0100,125.11,177.3,52.19000000000001
66,2025-11-10,2025-11-10 15:15:00+00:00,16:15 +0100,129.52,188.0,58.47999999999999
67,2025-11-10,2025-11-10 15:30:00+00:00,16:30 +0100,131.96,203.2,71.23999999999998
68,2025-11-10,2025-11-10 15:45:00+00:00,16:45 +0100,146.83,226.2,79.36999999999998
69,2025-11-10,2025-11-10 16:00:00+00:00,17:00 +0100,146.44,314.6,168.16000000000003
70,2025-11-10,2025-11-10 16:15:00+00:00,17:15 +0100,146.3,209.48,63.17999999999998
71,2025-11-10,2025-11-10 16:30:00+00:00,17:30 +0100,136.77,221.7,84.92999999999998
72,2025-11-10,2025-11-10 16:45:00+00:00,17:45 +0100,128.1,239.0,110.9
73,2025-11-10,2025-11-10 17:00:00+00:00,18:00 +0100,154.37,216.0,61.629999999999995
74,2025-11-10,2025-11-10 17:15:00+00:00,18:15 +0100,130.56,208.1,77.53999999999999
75,2025-11-10,2025-11-10 17:30:00+00:00,18:30 +0100,103.39,210.69,107.3
76,2025-11-10,2025-11-10 17:45:00+00:00,18:45 +0100,94.58,212.41,117.83
77,2025-11-10,2025-11-10 18:00:00+00:00,19:00 +0100,133.08,201.5,68.41999999999999
78,2025-11-10,2025-11-10 18:15:00+00:00,19:15 +0100,102.11,192.4,90.29
79,2025-11-10,2025-11-10 18:30:00+00:00,19:30 +0100,90.58,156.7,66.11999999999999
80,2025-11-10,2025-11-10 18:45:00+00:00,19:45 +0100,88.88,154.2,65.32
81,2025-11-10,2025-11-10 19:00:00+00:00,20:00 +0100,89.7,180.81,91.11
82,2025-11-10,2025-11-10 19:15:00+00:00,20:15 +0100,96.4,141.5,45.099999999999994
83,2025-11-10,2025-11-10 19:30:00+00:00,20:30 +0100,88.44,123.9,35.46000000000001
84,2025-11-10,2025-11-10 19:45:00+00:00,20:45 +0100,85.9,107.0,21.099999999999994
85,2025-11-10,2025-11-10 20:00:00+00:00,21:00 +0100,94.0,137.54,43.53999999999999
86,2025-11-10,2025-11-10 20:15:00+00:00,21:15 +0100,87.63,126.5,38.870000000000005
87,2025-11-10,2025-11-10 20:30:00+00:00,21:30 +0100,88.63,112.2,23.570000000000007
88,2025-11-10,2025-11-10 20:45:00+00:00,21:45 +0100,85.69,96.4,10.710000000000008
89,2025-11-10,2025-11-10 21:00:00+00:00,22:00 +0100,92.18,99.55,7.36999999999999
90,2025-11-10,2025-11-10 21:15:00+00:00,22:15 +0100,89.59,112.51,22.92
91,2025-11-10,2025-11-10 21:30:00+00:00,22:30 +0100,85.9,105.0,19.099999999999994
92,2025-11-10,2025-11-10 21:45:00+00:00,22:45 +0100,85.9,93.0,7.099999999999994
93,2025-11-10,2025-11-10 22:00:00+00:00,23:00 +0100,92.91,106.71,13.799999999999997
94,2025-11-10,2025-11-10 22:15:00+00:00,23:15 +0100,85.62,100.0,14.379999999999995
95,2025-11-10,2025-11-10 22:30:00+00:00,23:30 +0100,81.24,90.5,9.260000000000005
96,2025-11-10,2025-11-10 22:45:00+00:00,23:45 +0100,75.71,80.0,4.290000000000006
1,2025-11-21,2025-11-20 23:00:00+00:00,00:00 +0100,104.02,107.49,3.469999999999999
2,2025-11-21,2025-11-20 23:15:00+00:00,00:15 +0100,104.49,105.5,1.0100000000000051
3,2025-11-21,2025-11-20 23:30:00+00:00,00:30 +0100,102.03,102.52,0.4899999999999949
4,2025-11-21,2025-11-20 23:45:00+00:00,00:45 +0100,95.67,100.42,4.75
5,2025-11-21,2025-11-21 00:00:00+00:00,01:00 +0100,102.71,103.48,0.7700000000000102
6,2025-11-21,2025-11-21 00:15:00+00:00,01:15 +0100,95.35,102.48,7.13000000000001
7,2025-11-21,2025-11-21 00:30:00+00:00,01:30 +0100,90.08,101.4,11.320000000000007
8,2025-11-21,2025-11-21 00:45:00+00:00,01:45 +0100,88.42,103.51,15.090000000000003
9,2025-11-21,2025-11-21 01:00:00+00:00,02:00 +0100,93.99,97.7,3.710000000000008
10,2025-11-21,2025-11-21 01:15:00+00:00,02:15 +0100,89.09,100.77,11.679999999999993
11,2025-11-21,2025-11-21 01:30:00+00:00,02:30 +0100,88.86,103.9,15.040000000000006
12,2025-11-21,2025-11-21 01:45:00+00:00,02:45 +0100,89.19,102.1,12.909999999999997
13,2025-11-21,2025-11-21 02:00:00+00:00,03:00 +0100,90.0,99.13,9.129999999999995
14,2025-11-21,2025-11-21 02:15:00+00:00,03:15 +0100,89.29,102.4,13.11
15,2025-11-21,2025-11-21 02:30:00+00:00,03:30 +0100,90.39,104.4,14.010000000000005
16,2025-11-21,2025-11-21 02:45:00+00:00,03:45 +0100,91.06,96.3,5.239999999999995
17,2025-11-21,2025-11-21 03:00:00+00:00,04:00 +0100,88.7,99.6,10.899999999999991
18,2025-11-21,2025-11-21 03:15:00+00:00,04:15 +0100,90.08,96.22,6.140000000000001
19,2025-11-21,2025-11-21 03:30:00+00:00,04:30 +0100,94.32,104.41,10.090000000000003
20,2025-11-21,2025-11-21 03:45:00+00:00,04:45 +0100,101.4,105.41,4.009999999999991
21,2025-11-21,2025-11-21 04:00:00+00:00,05:00 +0100,90.77,97.1,6.329999999999998
22,2025-11-21,2025-11-21 04:15:00+00:00,05:15 +0100,98.91,103.2,4.290000000000006
23,2025-11-21,2025-11-21 04:30:00+00:00,05:30 +0100,103.14,111.41,8.269999999999996
24,2025-11-21,2025-11-21 04:45:00+00:00,05:45 +0100,114.64,115.92,1.2800000000000011
25,2025-11-21,2025-11-21 05:00:00+00:00,06:00 +0100,108.49,110.48,1.990000000000009
26,2025-11-21,2025-11-21 05:15:00+00:00,06:15 +0100,121.51,124.93,3.4200000000000017
27,2025-11-21,2025-11-21 05:30:00+00:00,06:30 +0100,133.6,135.0,1.4000000000000057
28,2025-11-21,2025-11-21 05:45:00+00:00,06:45 +0100,170.5,158.44,12.060000000000002
29,2025-11-21,2025-11-21 06:00:00+00:00,07:00 +0100,149.32,191.76,42.44
30,2025-11-21,2025-11-21 06:15:00+00:00,07:15 +0100,182.25,157.19,25.060000000000002
31,2025-11-21,2025-11-21 06:30:00+00:00,07:30 +0100,190.11,156.7,33.410000000000025
32,2025-11-21,2025-11-21 06:45:00+00:00,07:45 +0100,200.0,178.6,21.400000000000006
33,2025-11-21,2025-11-21 07:00:00+00:00,08:00 +0100,229.62,191.17,38.45000000000002
34,2025-11-21,2025-11-21 07:15:00+00:00,08:15 +0100,223.39,209.58,13.809999999999974
35,2025-11-21,2025-11-21 07:30:00+00:00,08:30 +0100,200.0,201.5,1.5
36,2025-11-21,2025-11-21 07:45:00+00:00,08:45 +0100,168.52,198.14,29.619999999999976
37,2025-11-21,2025-11-21 08:00:00+00:00,09:00 +0100,220.0,188.7,31.30000000000001
38,2025-11-21,2025-11-21 08:15:00+00:00,09:15 +0100,190.32,172.48,17.840000000000003
39,2025-11-21,2025-11-21 08:30:00+00:00,09:30 +0100,168.3,168.96,0.6599999999999966
40,2025-11-21,2025-11-21 08:45:00+00:00,09:45 +0100,148.7,146.47,2.2299999999999898
41,2025-11-21,2025-11-21 09:00:00+00:00,10:00 +0100,179.32,166.5,12.819999999999993
42,2025-11-21,2025-11-21 09:15:00+00:00,10:15 +0100,155.78,150.95,4.8300000000000125
43,2025-11-21,2025-11-21 09:30:00+00:00,10:30 +0100,143.51,144.42,0.9099999999999966
44,2025-11-21,2025-11-21 09:45:00+00:00,10:45 +0100,125.45,141.53,16.08
45,2025-11-21,2025-11-21 10:00:00+00:00,11:00 +0100,152.43,140.63,11.800000000000011
46,2025-11-21,2025-11-21 10:15:00+00:00,11:15 +0100,140.0,142.4,2.4000000000000057
47,2025-11-21,2025-11-21 10:30:00+00:00,11:30 +0100,132.49,130.59,1.9000000000000057
48,2025-11-21,2025-11-21 10:45:00+00:00,11:45 +0100,125.96,129.8,3.8400000000000176
49,2025-11-21,2025-11-21 11:00:00+00:00,12:00 +0100,132.8,132.48,0.3200000000000216
50,2025-11-21,2025-11-21 11:15:00+00:00,12:15 +0100,128.75,125.7,3.049999999999997
51,2025-11-21,2025-11-21 11:30:00+00:00,12:30 +0100,129.27,132.02,2.75
52,2025-11-21,2025-11-21 11:45:00+00:00,12:45 +0100,130.55,126.6,3.950000000000017
53,2025-11-21,2025-11-21 12:00:00+00:00,13:00 +0100,125.98,129.1,3.1199999999999903
54,2025-11-21,2025-11-21 12:15:00+00:00,13:15 +0100,130.74,130.3,0.4399999999999977
55,2025-11-21,2025-11-21 12:30:00+00:00,13:30 +0100,135.25,131.7,3.5500000000000114
56,2025-11-21,2025-11-21 12:45:00+00:00,13:45 +0100,150.33,136.54,13.79000000000002
57,2025-11-21,2025-11-21 13:00:00+00:00,14:00 +0100,120.8,130.55,9.750000000000014
58,2025-11-21,2025-11-21 13:15:00+00:00,14:15 +0100,147.57,136.9,10.669999999999987
59,2025-11-21,2025-11-21 13:30:00+00:00,14:30 +0100,172.74,146.43,26.310000000000002
60,2025-11-21,2025-11-21 13:45:00+00:00,14:45 +0100,173.9,163.64,10.26000000000002
61,2025-11-21,2025-11-21 14:00:00+00:00,15:00 +0100,148.82,150.21,1.3900000000000148
62,2025-11-21,2025-11-21 14:15:00+00:00,15:15 +0100,172.03,162.9,9.129999999999995
63,2025-11-21,2025-11-21 14:30:00+00:00,15:30 +0100,202.58,175.5,27.080000000000013
64,2025-11-21,2025-11-21 14:45:00+00:00,15:45 +0100,263.92,192.55,71.37
65,2025-11-21,2025-11-21 15:00:00+00:00,16:00 +0100,196.83,178.1,18.730000000000018
66,2025-11-21,2025-11-21 15:15:00+00:00,16:15 +0100,237.86,190.44,47.420000000000016
67,2025-11-21,2025-11-21 15:30:00+00:00,16:30 +0100,259.52,206.41,53.109999999999985
68,2025-11-21,2025-11-21 15:45:00+00:00,16:45 +0100,313.27,225.0,88.26999999999998
69,2025-11-21,2025-11-21 16:00:00+00:00,17:00 +0100,258.17,236.16,22.01000000000002
70,2025-11-21,2025-11-21 16:15:00+00:00,17:15 +0100,269.78,242.63,27.149999999999977
71,2025-11-21,2025-11-21 16:30:00+00:00,17:30 +0100,245.7,222.63,23.069999999999993
72,2025-11-21,2025-11-21 16:45:00+00:00,17:45 +0100,226.38,230.02,3.640000000000015
73,2025-11-21,2025-11-21 17:00:00+00:00,18:00 +0100,230.04,189.88,40.16
74,2025-11-21,2025-11-21 17:15:00+00:00,18:15 +0100,214.6,185.42,29.180000000000007
75,2025-11-21,2025-11-21 17:30:00+00:00,18:30 +0100,193.8,184.2,9.600000000000023
76,2025-11-21,2025-11-21 17:45:00+00:00,18:45 +0100,181.91,198.42,16.50999999999999
77,2025-11-21,2025-11-21 18:00:00+00:00,19:00 +0100,184.35,192.4,8.050000000000011
78,2025-11-21,2025-11-21 18:15:00+00:00,19:15 +0100,166.06,178.58,12.52000000000001
79,2025-11-21,2025-11-21 18:30:00+00:00,19:30 +0100,167.7,158.4,9.299999999999983
80,2025-11-21,2025-11-21 18:45:00+00:00,19:45 +0100,167.36,153.44,13.920000000000016
81,2025-11-21,2025-11-21 19:00:00+00:00,20:00 +0100,174.2,146.42,27.78
82,2025-11-21,2025-11-21 19:15:00+00:00,20:15 +0100,153.41,137.41,16.0
83,2025-11-21,2025-11-21 19:30:00+00:00,20:30 +0100,123.98,129.3,5.320000000000007
84,2025-11-21,2025-11-21 19:45:00+00:00,20:45 +0100,116.21,122.47,6.260000000000005
85,2025-11-21,2025-11-21 20:00:00+00:00,21:00 +0100,133.6,132.48,1.1200000000000045
86,2025-11-21,2025-11-21 20:15:00+00:00,21:15 +0100,120.27,124.89,4.6200000000000045
87,2025-11-21,2025-11-21 20:30:00+00:00,21:30 +0100,112.35,119.44,7.090000000000003
88,2025-11-21,2025-11-21 20:45:00+00:00,21:45 +0100,103.01,112.45,9.439999999999998
89,2025-11-21,2025-11-21 21:00:00+00:00,22:00 +0100,115.68,118.46,2.779999999999987
90,2025-11-21,2025-11-21 21:15:00+00:00,22:15 +0100,110.43,112.47,2.039999999999992
91,2025-11-21,2025-11-21 21:30:00+00:00,22:30 +0100,100.59,110.42,9.829999999999998
92,2025-11-21,2025-11-21 21:45:00+00:00,22:45 +0100,92.9,98.3,5.3999999999999915
93,2025-11-21,2025-11-21 22:00:00+00:00,23:00 +0100,108.7,109.6,0.8999999999999915
94,2025-11-21,2025-11-21 22:15:00+00:00,23:15 +0100,95.0,95.59,0.5900000000000034
95,2025-11-21,2025-11-21 22:30:00+00:00,23:30 +0100,90.37,95.52,5.1499999999999915
96,2025-11-21,2025-11-21 22:45:00+00:00,23:45 +0100,86.06,89.51,3.450000000000003
1,2025-12-01,2025-11-30 23:00:00+00:00,00:00 +0100,90.91,88.59,2.319999999999993
2,2025-12-01,2025-11-30 23:15:00+00:00,00:15 +0100,90.44,80.6,9.840000000000003
3,2025-12-01,2025-11-30 23:30:00+00:00,00:30 +0100,86.29,84.72,1.5700000000000074
4,2025-12-01,2025-11-30 23:45:00+00:00,00:45 +0100,84.34,88.4,4.060000000000002
5,2025-12-01,2025-12-01 00:00:00+00:00,01:00 +0100,90.79,82.59,8.200000000000003
6,2025-12-01,2025-12-01 00:15:00+00:00,01:15 +0100,85.05,83.6,1.4500000000000028
7,2025-12-01,2025-12-01 00:30:00+00:00,01:30 +0100,85.46,82.4,3.059999999999988
8,2025-12-01,2025-12-01 00:45:00+00:00,01:45 +0100,82.79,81.4,1.3900000000000006
9,2025-12-01,2025-12-01 01:00:00+00:00,02:00 +0100,85.03,81.6,3.430000000000007
10,2025-12-01,2025-12-01 01:15:00+00:00,02:15 +0100,81.35,84.2,2.8500000000000085
11,2025-12-01,2025-12-01 01:30:00+00:00,02:30 +0100,78.91,84.2,5.290000000000006
12,2025-12-01,2025-12-01 01:45:00+00:00,02:45 +0100,80.07,73.6,6.469999999999999
13,2025-12-01,2025-12-01 02:00:00+00:00,03:00 +0100,86.29,77.6,8.690000000000012
14,2025-12-01,2025-12-01 02:15:00+00:00,03:15 +0100,85.02,80.78,4.239999999999995
15,2025-12-01,2025-12-01 02:30:00+00:00,03:30 +0100,82.8,80.78,2.019999999999996
16,2025-12-01,2025-12-01 02:45:00+00:00,03:45 +0100,86.45,78.6,7.8500000000000085
17,2025-12-01,2025-12-01 03:00:00+00:00,04:00 +0100,80.08,82.41,2.3299999999999983
18,2025-12-01,2025-12-01 03:15:00+00:00,04:15 +0100,81.32,75.41,5.909999999999997
19,2025-12-01,2025-12-01 03:30:00+00:00,04:30 +0100,76.83,78.41,1.5799999999999983
20,2025-12-01,2025-12-01 03:45:00+00:00,04:45 +0100,82.8,83.01,0.21000000000000796
21,2025-12-01,2025-12-01 04:00:00+00:00,05:00 +0100,81.36,80.32,1.0400000000000063
22,2025-12-01,2025-12-01 04:15:00+00:00,05:15 +0100,79.44,91.59,12.150000000000006
23,2025-12-01,2025-12-01 04:30:00+00:00,05:30 +0100,90.9,92.59,1.6899999999999977
24,2025-12-01,2025-12-01 04:45:00+00:00,05:45 +0100,103.28,85.57,17.710000000000008
25,2025-12-01,2025-12-01 05:00:00+00:00,06:00 +0100,77.9,94.91,17.00999999999999
26,2025-12-01,2025-12-01 05:15:00+00:00,06:15 +0100,81.33,102.35,21.019999999999996
27,2025-12-01,2025-12-01 05:30:00+00:00,06:30 +0100,92.36,110.49,18.129999999999995
28,2025-12-01,2025-12-01 05:45:00+00:00,06:45 +0100,102.91,120.48,17.570000000000007
29,2025-12-01,2025-12-01 06:00:00+00:00,07:00 +0100,119.01,117.43,1.5799999999999983
30,2025-12-01,2025-12-01 06:15:00+00:00,07:15 +0100,119.06,125.77,6.709999999999994
31,2025-12-01,2025-12-01 06:30:00+00:00,07:30 +0100,130.98,148.4,17.420000000000016
32,2025-12-01,2025-12-01 06:45:00+00:00,07:45 +0100,142.39,136.49,5.899999999999977
33,2025-12-01,2025-12-01 07:00:00+00:00,08:00 +0100,170.36,160.16,10.200000000000017
34,2025-12-01,2025-12-01 07:15:00+00:00,08:15 +0100,146.72,145.41,1.3100000000000023
35,2025-12-01,2025-12-01 07:30:00+00:00,08:30 +0100,122.86,127.49,4.6299999999999955
36,2025-12-01,2025-12-01 07:45:00+00:00,08:45 +0100,117.39,115.49,1.9000000000000057
37,2025-12-01,2025-12-01 08:00:00+00:00,09:00 +0100,117.0,138.57,21.569999999999993
38,2025-12-01,2025-12-01 08:15:00+00:00,09:15 +0100,112.59,127.58,14.989999999999995
39,2025-12-01,2025-12-01 08:30:00+00:00,09:30 +0100,104.5,114.61,10.11
40,2025-12-01,2025-12-01 08:45:00+00:00,09:45 +0100,86.29,106.4,20.11
41,2025-12-01,2025-12-01 09:00:00+00:00,10:00 +0100,97.71,108.6,10.89
42,2025-12-01,2025-12-01 09:15:00+00:00,10:15 +0100,95.05,106.69,11.64
43,2025-12-01,2025-12-01 09:30:00+00:00,10:30 +0100,95.02,108.6,13.579999999999998
44,2025-12-01,2025-12-01 09:45:00+00:00,10:45 +0100,87.15,91.6,4.449999999999989
45,2025-12-01,2025-12-01 10:00:00+00:00,11:00 +0100,90.58,100.95,10.370000000000005
46,2025-12-01,2025-12-01 10:15:00+00:00,11:15 +0100,86.3,98.4,12.100000000000009
47,2025-12-01,2025-12-01 10:30:00+00:00,11:30 +0100,83.32,103.4,20.080000000000013
48,2025-12-01,2025-12-01 10:45:00+00:00,11:45 +0100,83.64,92.4,8.760000000000005
49,2025-12-01,2025-12-01 11:00:00+00:00,12:00 +0100,86.29,103.59,17.299999999999997
50,2025-12-01,2025-12-01 11:15:00+00:00,12:15 +0100,81.4,89.6,8.199999999999989
51,2025-12-01,2025-12-01 11:30:00+00:00,12:30 +0100,84.9,88.6,3.6999999999999886
52,2025-12-01,2025-12-01 11:45:00+00:00,12:45 +0100,87.48,93.17,5.689999999999998
53,2025-12-01,2025-12-01 12:00:00+00:00,13:00 +0100,86.19,91.4,5.210000000000008
54,2025-12-01,2025-12-01 12:15:00+00:00,13:15 +0100,86.98,86.91,0.07000000000000739
55,2025-12-01,2025-12-01 12:30:00+00:00,13:30 +0100,89.91,102.4,12.490000000000009
56,2025-12-01,2025-12-01 12:45:00+00:00,13:45 +0100,97.2,105.4,8.200000000000003
57,2025-12-01,2025-12-01 13:00:00+00:00,14:00 +0100,98.21,83.41,14.799999999999997
58,2025-12-01,2025-12-01 13:15:00+00:00,14:15 +0100,106.89,103.4,3.489999999999995
59,2025-12-01,2025-12-01 13:30:00+00:00,14:30 +0100,114.77,110.4,4.36999999999999
60,2025-12-01,2025-12-01 13:45:00+00:00,14:45 +0100,109.0,123.27,14.269999999999996
61,2025-12-01,2025-12-01 14:00:00+00:00,15:00 +0100,117.43,106.43,11.0
62,2025-12-01,2025-12-01 14:15:00+00:00,15:15 +0100,122.89,112.43,10.459999999999994
63,2025-12-01,2025-12-01 14:30:00+00:00,15:30 +0100,126.75,117.4,9.349999999999994
64,2025-12-01,2025-12-01 14:45:00+00:00,15:45 +0100,114.22,132.81,18.590000000000003
65,2025-12-01,2025-12-01 15:00:00+00:00,16:00 +0100,118.92,119.19,0.269999999999996
66,2025-12-01,2025-12-01 15:15:00+00:00,16:15 +0100,119.94,115.48,4.459999999999994
67,2025-12-01,2025-12-01 15:30:00+00:00,16:30 +0100,112.45,116.47,4.019999999999996
68,2025-12-01,2025-12-01 15:45:00+00:00,16:45 +0100,100.55,134.98,34.42999999999999
69,2025-12-01,2025-12-01 16:00:00+00:00,17:00 +0100,89.91,129.93,40.02000000000001
70,2025-12-01,2025-12-01 16:15:00+00:00,17:15 +0100,97.82,125.57,27.75
71,2025-12-01,2025-12-01 16:30:00+00:00,17:30 +0100,100.56,110.5,9.939999999999998
72,2025-12-01,2025-12-01 16:45:00+00:00,17:45 +0100,89.36,108.5,19.14
73,2025-12-01,2025-12-01 17:00:00+00:00,18:00 +0100,86.91,127.42,40.510000000000005
74,2025-12-01,2025-12-01 17:15:00+00:00,18:15 +0100,89.7,97.6,7.8999999999999915
75,2025-12-01,2025-12-01 17:30:00+00:00,18:30 +0100,91.08,103.58,12.5
76,2025-12-01,2025-12-01 17:45:00+00:00,18:45 +0100,88.28,109.4,21.120000000000005
77,2025-12-01,2025-12-01 18:00:00+00:00,19:00 +0100,95.08,111.58,16.5
78,2025-12-01,2025-12-01 18:15:00+00:00,19:15 +0100,85.38,90.59,5.210000000000008
79,2025-12-01,2025-12-01 18:30:00+00:00,19:30 +0100,85.91,98.59,12.680000000000007
80,2025-12-01,2025-12-01 18:45:00+00:00,19:45 +0100,80.7,83.99,3.289999999999992
81,2025-12-01,2025-12-01 19:00:00+00:00,20:00 +0100,91.99,91.58,0.4099999999999966
82,2025-12-01,2025-12-01 19:15:00+00:00,20:15 +0100,84.07,99.59,15.52000000000001
83,2025-12-01,2025-12-01 19:30:00+00:00,20:30 +0100,75.91,90.78,14.870000000000005
84,2025-12-01,2025-12-01 19:45:00+00:00,20:45 +0100,77.23,79.41,2.1799999999999926
85,2025-12-01,2025-12-01 20:00:00+00:00,21:00 +0100,86.86,80.65,6.209999999999994
86,2025-12-01,2025-12-01 20:15:00+00:00,21:15 +0100,80.98,87.51,6.530000000000001
87,2025-12-01,2025-12-01 20:30:00+00:00,21:30 +0100,69.87,82.52,12.649999999999991
88,2025-12-01,2025-12-01 20:45:00+00:00,21:45 +0100,66.09,72.52,6.429999999999993
89,2025-12-01,2025-12-01 21:00:00+00:00,22:00 +0100,84.08,85.54,1.460000000000008
90,2025-12-01,2025-12-01 21:15:00+00:00,22:15 +0100,72.56,80.55,7.989999999999995
91,2025-12-01,2025-12-01 21:30:00+00:00,22:30 +0100,79.69,73.55,6.140000000000001
92,2025-12-01,2025-12-01 21:45:00+00:00,22:45 +0100,69.39,69.56,0.1700000000000017
93,2025-12-01,2025-12-01 22:00:00+00:00,23:00 +0100,82.47,76.57,5.900000000000006
94,2025-12-01,2025-12-01 22:15:00+00:00,23:15 +0100,70.76,69.57,1.190000000000012
95,2025-12-01,2025-12-01 22:30:00+00:00,23:30 +0100,71.18,70.58,0.6000000000000085
96,2025-12-01,2025-12-01 22:45:00+00:00,23:45 +0100,62.8,55.58,7.219999999999999
1,2025-12-30,2025-12-29 23:00:00+00:00,00:00 +0100,87.0,90.98,3.980000000000004
2,2025-12-30,2025-12-29 23:15:00+00:00,00:15 +0100,81.5,83.57,2.069999999999993
3,2025-12-30,2025-12-29 23:30:00+00:00,00:30 +0100,73.24,75.7,2.460000000000008
4,2025-12-30,2025-12-29 23:45:00+00:00,00:45 +0100,69.71,73.31,3.6000000000000085
5,2025-12-30,2025-12-30 00:00:00+00:00,01:00 +0100,76.66,82.7,6.040000000000006
6,2025-12-30,2025-12-30 00:15:00+00:00,01:15 +0100,72.76,78.9,6.140000000000001
7,2025-12-30,2025-12-30 00:30:00+00:00,01:30 +0100,71.95,75.04,3.0900000000000034
8,2025-12-30,2025-12-30 00:45:00+00:00,01:45 +0100,71.49,74.56,3.0700000000000074
9,2025-12-30,2025-12-30 01:00:00+00:00,02:00 +0100,73.89,80.96,7.069999999999993
10,2025-12-30,2025-12-30 01:15:00+00:00,02:15 +0100,73.42,74.0,0.5799999999999983
11,2025-12-30,2025-12-30 01:30:00+00:00,02:30 +0100,70.41,73.1,2.6899999999999977
12,2025-12-30,2025-12-30 01:45:00+00:00,02:45 +0100,69.7,71.5,1.7999999999999972
13,2025-12-30,2025-12-30 02:00:00+00:00,03:00 +0100,70.63,78.7,8.070000000000007
14,2025-12-30,2025-12-30 02:15:00+00:00,03:15 +0100,69.4,70.19,0.789999999999992
15,2025-12-30,2025-12-30 02:30:00+00:00,03:30 +0100,69.19,68.6,0.5900000000000034
16,2025-12-30,2025-12-30 02:45:00+00:00,03:45 +0100,68.21,76.74,8.530000000000001
17,2025-12-30,2025-12-30 03:00:00+00:00,04:00 +0100,68.29,73.0,4.709999999999994
18,2025-12-30,2025-12-30 03:15:00+00:00,04:15 +0100,67.91,73.5,5.590000000000003
19,2025-12-30,2025-12-30 03:30:00+00:00,04:30 +0100,69.15,76.2,7.049999999999997
20,2025-12-30,2025-12-30 03:45:00+00:00,04:45 +0100,68.8,69.34,0.5400000000000063
21,2025-12-30,2025-12-30 04:00:00+00:00,05:00 +0100,69.1,73.5,4.400000000000006
22,2025-12-30,2025-12-30 04:15:00+00:00,05:15 +0100,72.09,71.08,1.0100000000000051
23,2025-12-30,2025-12-30 04:30:00+00:00,05:30 +0100,69.91,78.5,8.590000000000003
24,2025-12-30,2025-12-30 04:45:00+00:00,05:45 +0100,76.86,81.1,4.239999999999995
25,2025-12-30,2025-12-30 05:00:00+00:00,06:00 +0100,68.85,82.4,13.550000000000011
26,2025-12-30,2025-12-30 05:15:00+00:00,06:15 +0100,78.25,77.62,0.6299999999999955
27,2025-12-30,2025-12-30 05:30:00+00:00,06:30 +0100,85.79,79.3,6.490000000000009
28,2025-12-30,2025-12-30 05:45:00+00:00,06:45 +0100,87.19,84.3,2.8900000000000006
29,2025-12-30,2025-12-30 06:00:00+00:00,07:00 +0100,79.59,79.03,0.5600000000000023
30,2025-12-30,2025-12-30 06:15:00+00:00,07:15 +0100,87.02,88.1,1.0799999999999983
31,2025-12-30,2025-12-30 06:30:00+00:00,07:30 +0100,93.26,97.41,4.1499999999999915
32,2025-12-30,2025-12-30 06:45:00+00:00,07:45 +0100,92.01,98.5,6.489999999999995
33,2025-12-30,2025-12-30 07:00:00+00:00,08:00 +0100,93.18,98.54,5.359999999999999
34,2025-12-30,2025-12-30 07:15:00+00:00,08:15 +0100,99.0,98.05,0.9500000000000028
35,2025-12-30,2025-12-30 07:30:00+00:00,08:30 +0100,95.35,107.41,12.060000000000002
36,2025-12-30,2025-12-30 07:45:00+00:00,08:45 +0100,91.98,101.26,9.280000000000001
37,2025-12-30,2025-12-30 08:00:00+00:00,09:00 +0100,104.6,101.5,3.0999999999999943
38,2025-12-30,2025-12-30 08:15:00+00:00,09:15 +0100,99.87,95.25,4.6200000000000045
39,2025-12-30,2025-12-30 08:30:00+00:00,09:30 +0100,93.55,97.4,3.8500000000000085
40,2025-12-30,2025-12-30 08:45:00+00:00,09:45 +0100,79.55,91.06,11.510000000000005
41,2025-12-30,2025-12-30 09:00:00+00:00,10:00 +0100,96.73,95.1,1.6300000000000097
42,2025-12-30,2025-12-30 09:15:00+00:00,10:15 +0100,86.34,89.4,3.0600000000000023
43,2025-12-30,2025-12-30 09:30:00+00:00,10:30 +0100,81.14,83.8,2.6599999999999966
44,2025-12-30,2025-12-30 09:45:00+00:00,10:45 +0100,79.07,78.7,0.36999999999999034
45,2025-12-30,2025-12-30 10:00:00+00:00,11:00 +0100,81.4,82.6,1.1999999999999886
46,2025-12-30,2025-12-30 10:15:00+00:00,11:15 +0100,80.23,84.9,4.670000000000002
47,2025-12-30,2025-12-30 10:30:00+00:00,11:30 +0100,79.0,82.4,3.4000000000000057
48,2025-12-30,2025-12-30 10:45:00+00:00,11:45 +0100,76.89,72.69,4.200000000000003
49,2025-12-30,2025-12-30 11:00:00+00:00,12:00 +0100,78.97,79.7,0.730000000000004
50,2025-12-30,2025-12-30 11:15:00+00:00,12:15 +0100,76.99,75.3,1.6899999999999977
51,2025-12-30,2025-12-30 11:30:00+00:00,12:30 +0100,76.11,72.6,3.510000000000005
52,2025-12-30,2025-12-30 11:45:00+00:00,12:45 +0100,72.55,80.88,8.329999999999998
53,2025-12-30,2025-12-30 12:00:00+00:00,13:00 +0100,72.83,79.67,6.840000000000003
54,2025-12-30,2025-12-30 12:15:00+00:00,13:15 +0100,74.76,74.3,0.46000000000000796
55,2025-12-30,2025-12-30 12:30:00+00:00,13:30 +0100,74.89,76.0,1.1099999999999994
56,2025-12-30,2025-12-30 12:45:00+00:00,13:45 +0100,84.55,78.5,6.049999999999997
57,2025-12-30,2025-12-30 13:00:00+00:00,14:00 +0100,71.54,71.0,0.5400000000000063
58,2025-12-30,2025-12-30 13:15:00+00:00,14:15 +0100,86.4,83.73,2.6700000000000017
59,2025-12-30,2025-12-30 13:30:00+00:00,14:30 +0100,93.54,89.9,3.6400000000000006
60,2025-12-30,2025-12-30 13:45:00+00:00,14:45 +0100,104.39,99.9,4.489999999999995
61,2025-12-30,2025-12-30 14:00:00+00:00,15:00 +0100,90.16,93.2,3.0400000000000063
62,2025-12-30,2025-12-30 14:15:00+00:00,15:15 +0100,96.62,99.94,3.319999999999993
63,2025-12-30,2025-12-30 14:30:00+00:00,15:30 +0100,110.52,109.6,0.9200000000000017
64,2025-12-30,2025-12-30 14:45:00+00:00,15:45 +0100,112.0,115.51,3.510000000000005
65,2025-12-30,2025-12-30 15:00:00+00:00,16:00 +0100,100.66,104.94,4.280000000000001
66,2025-12-30,2025-12-30 15:15:00+00:00,16:15 +0100,107.72,109.91,2.1899999999999977
67,2025-12-30,2025-12-30 15:30:00+00:00,16:30 +0100,108.09,117.4,9.310000000000002
68,2025-12-30,2025-12-30 15:45:00+00:00,16:45 +0100,119.93,123.74,3.809999999999988
69,2025-12-30,2025-12-30 16:00:00+00:00,17:00 +0100,108.96,107.29,1.6699999999999875
70,2025-12-30,2025-12-30 16:15:00+00:00,17:15 +0100,114.24,111.11,3.1299999999999955
71,2025-12-30,2025-12-30 16:30:00+00:00,17:30 +0100,109.72,117.9,8.180000000000007
72,2025-12-30,2025-12-30 16:45:00+00:00,17:45 +0100,109.94,119.3,9.36
73,2025-12-30,2025-12-30 17:00:00+00:00,18:00 +0100,115.28,116.69,1.4099999999999966
74,2025-12-30,2025-12-30 17:15:00+00:00,18:15 +0100,108.9,118.5,9.599999999999994
75,2025-12-30,2025-12-30 17:30:00+00:00,18:30 +0100,106.05,113.9,7.8500000000000085
76,2025-12-30,2025-12-30 17:45:00+00:00,18:45 +0100,106.25,114.9,8.650000000000006
77,2025-12-30,2025-12-30 18:00:00+00:00,19:00 +0100,106.9,116.06,9.159999999999997
78,2025-12-30,2025-12-30 18:15:00+00:00,19:15 +0100,105.75,114.91,9.159999999999997
79,2025-12-30,2025-12-30 18:30:00+00:00,19:30 +0100,105.03,111.2,6.170000000000002
80,2025-12-30,2025-12-30 18:45:00+00:00,19:45 +0100,104.75,103.4,1.3499999999999943
81,2025-12-30,2025-12-30 19:00:00+00:00,20:00 +0100,104.97,109.91,4.939999999999998
82,2025-12-30,2025-12-30 19:15:00+00:00,20:15 +0100,103.16,108.1,4.939999999999998
83,2025-12-30,2025-12-30 19:30:00+00:00,20:30 +0100,100.92,101.0,0.0799999999999983
84,2025-12-30,2025-12-30 19:45:00+00:00,20:45 +0100,95.11,94.8,0.3100000000000023
85,2025-12-30,2025-12-30 20:00:00+00:00,21:00 +0100,101.83,107.42,5.590000000000003
86,2025-12-30,2025-12-30 20:15:00+00:00,21:15 +0100,94.98,102.98,8.0
87,2025-12-30,2025-12-30 20:30:00+00:00,21:30 +0100,90.06,97.7,7.640000000000001
88,2025-12-30,2025-12-30 20:45:00+00:00,21:45 +0100,86.42,91.9,5.480000000000004
89,2025-12-30,2025-12-30 21:00:00+00:00,22:00 +0100,101.49,100.2,1.289999999999992
90,2025-12-30,2025-12-30 21:15:00+00:00,22:15 +0100,93.92,102.8,8.879999999999995
91,2025-12-30,2025-12-30 21:30:00+00:00,22:30 +0100,89.48,98.9,9.420000000000002
92,2025-12-30,2025-12-30 21:45:00+00:00,22:45 +0100,83.29,92.5,9.209999999999994
93,2025-12-30,2025-12-30 22:00:00+00:00,23:00 +0100,94.86,97.07,2.2099999999999937
94,2025-12-30,2025-12-30 22:15:00+00:00,23:15 +0100,88.45,94.38,5.929999999999993
95,2025-12-30,2025-12-30 22:30:00+00:00,23:30 +0100,82.19,88.75,6.560000000000002
96,2025-12-30,2025-12-30 22:45:00+00:00,23:45 +0100,77.73,80.93,3.200000000000003
1,2025-12-31,2025-12-30 23:00:00+00:00,00:00 +0100,94.87,94.68,0.18999999999999773
2,2025-12-31,2025-12-30 23:15:00+00:00,00:15 +0100,90.31,95.7,5.390000000000001
3,2025-12-31,2025-12-30 23:30:00+00:00,00:30 +0100,86.19,83.73,2.4599999999999937
4,2025-12-31,2025-12-30 23:45:00+00:00,00:45 +0100,80.96,85.9,4.940000000000012
5,2025-12-31,2025-12-31 00:00:00+00:00,01:00 +0100,90.11,94.05,3.9399999999999977
6,2025-12-31,2025-12-31 00:15:00+00:00,01:15 +0100,83.48,92.8,9.319999999999993
7,2025-12-31,2025-12-31 00:30:00+00:00,01:30 +0100,82.67,82.47,0.20000000000000284
8,2025-12-31,2025-12-31 00:45:00+00:00,01:45 +0100,81.09,80.97,0.12000000000000455
9,2025-12-31,2025-12-31 01:00:00+00:00,02:00 +0100,83.54,85.36,1.8199999999999932
10,2025-12-31,2025-12-31 01:15:00+00:00,02:15 +0100,81.06,83.31,2.25
11,2025-12-31,2025-12-31 01:30:00+00:00,02:30 +0100,79.25,81.46,2.2099999999999937
12,2025-12-31,2025-12-31 01:45:00+00:00,02:45 +0100,77.0,79.08,2.0799999999999983
13,2025-12-31,2025-12-31 02:00:00+00:00,03:00 +0100,80.0,84.81,4.810000000000002
14,2025-12-31,2025-12-31 02:15:00+00:00,03:15 +0100,76.19,78.97,2.780000000000001
15,2025-12-31,2025-12-31 02:30:00+00:00,03:30 +0100,75.03,82.5,7.469999999999999
16,2025-12-31,2025-12-31 02:45:00+00:00,03:45 +0100,75.1,79.2,4.1000000000000085
17,2025-12-31,2025-12-31 03:00:00+00:00,04:00 +0100,74.41,79.67,5.260000000000005
18,2025-12-31,2025-12-31 03:15:00+00:00,04:15 +0100,75.01,79.9,4.890000000000001
19,2025-12-31,2025-12-31 03:30:00+00:00,04:30 +0100,74.71,78.85,4.140000000000001
20,2025-12-31,2025-12-31 03:45:00+00:00,04:45 +0100,75.6,76.9,1.3000000000000114
21,2025-12-31,2025-12-31 04:00:00+00:00,05:00 +0100,75.05,82.4,7.3500000000000085
22,2025-12-31,2025-12-31 04:15:00+00:00,05:15 +0100,75.62,78.79,3.1700000000000017
23,2025-12-31,2025-12-31 04:30:00+00:00,05:30 +0100,78.1,78.7,0.6000000000000085
24,2025-12-31,2025-12-31 04:45:00+00:00,05:45 +0100,80.74,79.92,0.8199999999999932
25,2025-12-31,2025-12-31 05:00:00+00:00,06:00 +0100,77.82,81.0,3.180000000000007
26,2025-12-31,2025-12-31 05:15:00+00:00,06:15 +0100,82.36,77.83,4.530000000000001
27,2025-12-31,2025-12-31 05:30:00+00:00,06:30 +0100,82.83,81.5,1.3299999999999983
28,2025-12-31,2025-12-31 05:45:00+00:00,06:45 +0100,84.46,75.8,8.659999999999997
29,2025-12-31,2025-12-31 06:00:00+00:00,07:00 +0100,79.56,79.6,0.03999999999999204
30,2025-12-31,2025-12-31 06:15:00+00:00,07:15 +0100,82.15,84.99,2.839999999999989
31,2025-12-31,2025-12-31 06:30:00+00:00,07:30 +0100,87.17,88.86,1.6899999999999977
32,2025-12-31,2025-12-31 06:45:00+00:00,07:45 +0100,92.25,89.74,2.510000000000005
33,2025-12-31,2025-12-31 07:00:00+00:00,08:00 +0100,90.79,80.3,10.490000000000009
34,2025-12-31,2025-12-31 07:15:00+00:00,08:15 +0100,98.39,84.2,14.189999999999998
35,2025-12-31,2025-12-31 07:30:00+00:00,08:30 +0100,97.08,92.43,4.6499999999999915
36,2025-12-31,2025-12-31 07:45:00+00:00,08:45 +0100,96.91,86.48,10.429999999999993
37,2025-12-31,2025-12-31 08:00:00+00:00,09:00 +0100,102.79,89.19,13.600000000000009
38,2025-12-31,2025-12-31 08:15:00+00:00,09:15 +0100,99.8,87.48,12.319999999999993
39,2025-12-31,2025-12-31 08:30:00+00:00,09:30 +0100,94.0,84.96,9.040000000000006
40,2025-12-31,2025-12-31 08:45:00+00:00,09:45 +0100,84.75,81.1,3.6500000000000057
41,2025-12-31,2025-12-31 09:00:00+00:00,10:00 +0100,97.25,83.6,13.650000000000006
42,2025-12-31,2025-12-31 09:15:00+00:00,10:15 +0100,89.82,80.6,9.219999999999999
43,2025-12-31,2025-12-31 09:30:00+00:00,10:30 +0100,87.24,86.94,0.29999999999999716
44,2025-12-31,2025-12-31 09:45:00+00:00,10:45 +0100,82.74,79.66,3.0799999999999983
45,2025-12-31,2025-12-31 10:00:00+00:00,11:00 +0100,87.93,78.68,9.25
46,2025-12-31,2025-12-31 10:15:00+00:00,11:15 +0100,83.93,80.72,3.210000000000008
47,2025-12-31,2025-12-31 10:30:00+00:00,11:30 +0100,82.06,83.6,1.539999999999992
48,2025-12-31,2025-12-31 10:45:00+00:00,11:45 +0100,80.0,80.21,0.20999999999999375
49,2025-12-31,2025-12-31 11:00:00+00:00,12:00 +0100,83.3,81.0,2.299999999999997
50,2025-12-31,2025-12-31 11:15:00+00:00,12:15 +0100,82.0,80.2,1.7999999999999972
51,2025-12-31,2025-12-31 11:30:00+00:00,12:30 +0100,82.0,79.35,2.6500000000000057
52,2025-12-31,2025-12-31 11:45:00+00:00,12:45 +0100,84.89,74.54,10.349999999999994
53,2025-12-31,2025-12-31 12:00:00+00:00,13:00 +0100,83.1,80.4,2.6999999999999886
54,2025-12-31,2025-12-31 12:15:00+00:00,13:15 +0100,84.14,79.7,4.439999999999998
55,2025-12-31,2025-12-31 12:30:00+00:00,13:30 +0100,85.0,76.08,8.920000000000002
56,2025-12-31,2025-12-31 12:45:00+00:00,13:45 +0100,88.44,76.57,11.870000000000005
57,2025-12-31,2025-12-31 13:00:00+00:00,14:00 +0100,82.62,77.5,5.1200000000000045
58,2025-12-31,2025-12-31 13:15:00+00:00,14:15 +0100,85.39,79.11,6.280000000000001
59,2025-12-31,2025-12-31 13:30:00+00:00,14:30 +0100,85.2,83.06,2.1400000000000006
60,2025-12-31,2025-12-31 13:45:00+00:00,14:45 +0100,87.5,89.94,2.4399999999999977
61,2025-12-31,2025-12-31 14:00:00+00:00,15:00 +0100,84.99,70.08,14.909999999999997
62,2025-12-31,2025-12-31 14:15:00+00:00,15:15 +0100,89.76,80.32,9.440000000000012
63,2025-12-31,2025-12-31 14:30:00+00:00,15:30 +0100,91.7,94.6,2.8999999999999915
64,2025-12-31,2025-12-31 14:45:00+00:00,15:45 +0100,96.88,99.0,2.1200000000000045
65,2025-12-31,2025-12-31 15:00:00+00:00,16:00 +0100,90.6,79.9,10.699999999999989
66,2025-12-31,2025-12-31 15:15:00+00:00,16:15 +0100,100.66,85.25,15.409999999999997
67,2025-12-31,2025-12-31 15:30:00+00:00,16:30 +0100,103.69,100.6,3.0900000000000034
68,2025-12-31,2025-12-31 15:45:00+00:00,16:45 +0100,107.87,103.06,4.810000000000002
69,2025-12-31,2025-12-31 16:00:00+00:00,17:00 +0100,105.81,85.07,20.74000000000001
70,2025-12-31,2025-12-31 16:15:00+00:00,17:15 +0100,106.33,99.8,6.530000000000001
71,2025-12-31,2025-12-31 16:30:00+00:00,17:30 +0100,109.02,100.22,8.799999999999997
72,2025-12-31,2025-12-31 16:45:00+00:00,17:45 +0100,119.24,110.1,9.14
73,2025-12-31,2025-12-31 17:00:00+00:00,18:00 +0100,110.11,112.29,2.180000000000007
74,2025-12-31,2025-12-31 17:15:00+00:00,18:15 +0100,112.85,89.73,23.11999999999999
75,2025-12-31,2025-12-31 17:30:00+00:00,18:30 +0100,105.65,105.4,0.25
76,2025-12-31,2025-12-31 17:45:00+00:00,18:45 +0100,101.5,87.57,13.930000000000007
77,2025-12-31,2025-12-31 18:00:00+00:00,19:00 +0100,100.83,107.34,6.510000000000005
78,2025-12-31,2025-12-31 18:15:00+00:00,19:15 +0100,94.67,93.77,0.9000000000000057
79,2025-12-31,2025-12-31 18:30:00+00:00,19:30 +0100,97.87,85.09,12.780000000000001
80,2025-12-31,2025-12-31 18:45:00+00:00,19:45 +0100,90.59,80.05,10.540000000000006
81,2025-12-31,2025-12-31 19:00:00+00:00,20:00 +0100,96.22,100.27,4.049999999999997
82,2025-12-31,2025-12-31 19:15:00+00:00,20:15 +0100,88.39,87.28,1.1099999999999994
83,2025-12-31,2025-12-31 19:30:00+00:00,20:30 +0100,84.27,77.59,6.679999999999993
84,2025-12-31,2025-12-31 19:45:00+00:00,20:45 +0100,78.33,75.1,3.230000000000004
85,2025-12-31,2025-12-31 20:00:00+00:00,21:00 +0100,89.07,75.09,13.97999999999999
86,2025-12-31,2025-12-31 20:15:00+00:00,21:15 +0100,83.71,82.74,0.9699999999999989
87,2025-12-31,2025-12-31 20:30:00+00:00,21:30 +0100,76.72,81.9,5.180000000000007
88,2025-12-31,2025-12-31 20:45:00+00:00,21:45 +0100,69.69,75.8,6.109999999999999
89,2025-12-31,2025-12-31 21:00:00+00:00,22:00 +0100,87.95,77.33,10.620000000000005
90,2025-12-31,2025-12-31 21:15:00+00:00,22:15 +0100,81.37,82.7,1.3299999999999983
91,2025-12-31,2025-12-31 21:30:00+00:00,22:30 +0100,82.47,76.7,5.769999999999996
92,2025-12-31,2025-12-31 21:45:00+00:00,22:45 +0100,73.77,68.4,5.36999999999999
93,2025-12-31,2025-12-31 22:00:00+00:00,23:00 +0100,86.3,79.33,6.969999999999999
94,2025-12-31,2025-12-31 22:15:00+00:00,23:15 +0100,76.48,73.85,2.6300000000000097
95,2025-12-31,2025-12-31 22:30:00+00:00,23:30 +0100,75.75,66.0,9.75
96,2025-12-31,2025-12-31 22:45:00+00:00,23:45 +0100,67.26,57.85,9.410000000000004
